CustomerID,MembershipLevel,TotalPurchases,TotalSpent,FavoriteCategory,LastPurchaseDate,Sastification,MinutePerVisit,PromotionPercent,Comments,Churn
8558437661,Gold,42,574.16,Electronics,01/04/2023,2.3,85,4,TRUE,0
6339161847,Silver,15,2227.76,Grocery,03/02/2023,1.2,44,47,FALSE,1
1141802236,Platinum,11,961.75,Toys,9/19/2023,1.8,94,11,TRUE,1
8711589558,Bronze,49,551.81,Computers,03/02/2023,2.7,114,74,TRUE,1
907317359,Platinum,50,818.54,Toys,4/30/2023,2.4,76,49,TRUE,1
2054850470,Bronze,29,615.62,Health,03/03/2023,3,17,5,FALSE,1
847576698,Gold,3,2712.39,Industrial,10/11/2023,3.4,105,83,TRUE,0
9915057296,Gold,34,2157.25,Garden,11/29/2023,2.8,54,98,FALSE,0
5997896110,Platinum,29,2122.96,Kids,4/17/2023,2.4,53,73,TRUE,0
287772012,Platinum,50,2636.88,Health,11/22/2023,2.9,80,46,TRUE,1
4371974082,Gold,11,2585.99,Baby,4/13/2023,4.6,111,76,FALSE,0
7082190638,Bronze,5,1381.24,Clothing,5/22/2023,,82,84,TRUE,1
7164504229,Platinum,9,1760.97,Computers,08/09/2023,3.9,40,35,TRUE,1
4580459989,Bronze,32,1733.47,Electronics,11/12/2023,3,24,99,FALSE,1
2191837433,Platinum,31,1041.06,Sports,7/24/2023,3.8,48,31,TRUE,0
1352105268,Platinum,45,2776.17,Shoes,3/23/2023,2.9,53,2,TRUE,1
7858841165,Gold,45,638.51,Jewelry,05/02/2023,1.9,81,86,FALSE,0
9487857192,Gold,33,748.32,Books,08/05/2023,2.3,11,53,FALSE,1
9482680855,Bronze,2,2921.39,Outdoors,9/26/2023,2.8,81,4,FALSE,1
9067814881,Platinum,30,2881.42,Shoes,7/31/2023,,13,43,FALSE,0
2599768144,Silver,6,2506.47,Toys,10/07/2023,3.1,10,91,TRUE,1
2117270425,Gold,10,1535.47,Movies,02/08/2023,2.6,10,1,FALSE,1
8363670332,Silver,3,1887.18,Toys,07/03/2023,1.8,108,64,FALSE,1
8131152936,Gold,6,2295.58,Tools,3/20/2023,2.4,83,51,TRUE,1
444479015,Platinum,12,1980.84,Electronics,10/01/2023,1.7,64,43,TRUE,0
7156963759,Platinum,19,1657.9,Kids,9/15/2023,,68,3,FALSE,0
4869662817,Bronze,16,2247.2,Clothing,09/06/2023,3.5,90,8,FALSE,1
9906834935,Platinum,36,2583.7,Movies,01/06/2023,3,94,19,TRUE,1
6669528884,Bronze,48,,Home,8/27/2023,3.1,32,21,TRUE,0
8207026057,Platinum,39,,Movies,4/26/2023,4.9,25,84,FALSE,1
6400203052,Silver,12,904.09,Movies,8/16/2023,1.1,79,57,FALSE,0
7075288482,Silver,9,1566.73,Home,11/19/2023,2.1,70,22,FALSE,1
7822652354,Silver,49,692.31,Clothing,12/29/2023,4,104,30,TRUE,1
8932848807,Gold,34,2463.62,Beauty,8/20/2023,1.6,89,42,FALSE,1
6295891195,Gold,31,1627.83,Tools,04/08/2023,4,22,67,FALSE,0
6037699739,Platinum,24,448.37,Jewelry,12/04/2023,1.3,108,56,TRUE,1
806384107,Silver,37,1340.54,Home,11/05/2023,3,28,12,TRUE,1
3665461456,Bronze,5,1196.26,Tools,5/30/2023,1.3,118,29,TRUE,1
2127966554,Bronze,3,232.26,Grocery,1/27/2023,2.9,110,32,FALSE,0
504224190,Silver,14,1145.15,Industrial,12/15/2023,1.8,13,8,TRUE,0
6950775644,Gold,43,1270.2,Computers,4/16/2023,1.9,72,95,TRUE,0
730098826,Bronze,5,220.37,Electronics,05/10/2023,5,76,41,FALSE,0
6462320133,Silver,38,2490.77,Clothing,09/04/2023,1.6,47,85,FALSE,0
478035632,Gold,16,1956.18,Tools,1/26/2023,4.1,112,11,FALSE,1
6440088505,Silver,28,1314.31,Baby,7/19/2023,2.7,31,39,TRUE,0
3568423790,Silver,45,,Clothing,2/14/2023,1,24,98,FALSE,0
6635905065,Bronze,45,500.59,Industrial,4/14/2023,1.2,24,85,FALSE,1
8471091313,Gold,34,553.08,Shoes,5/27/2023,4.9,19,25,FALSE,1
2886421316,Platinum,15,826.46,Sports,04/08/2023,3,27,64,TRUE,0
4067654464,Bronze,49,2620.95,Jewelry,03/11/2023,1.1,90,32,TRUE,1
5198015881,Bronze,6,,Home,4/28/2023,1.9,14,100,TRUE,1
3747088198,Bronze,10,1718.81,Outdoors,03/12/2023,4.7,71,30,TRUE,1
1541078942,Platinum,25,400.83,Health,06/07/2023,2,105,35,FALSE,1
1312276525,Silver,20,796.97,Industrial,1/20/2023,3.9,44,16,TRUE,1
5111132414,Platinum,25,2786.55,Toys,6/13/2023,,36,67,TRUE,0
6238562765,Bronze,42,482.32,Electronics,02/12/2023,2.5,49,51,FALSE,0
6482582559,Bronze,8,1166.45,Clothing,6/24/2023,4.5,61,56,TRUE,0
7654497644,Gold,9,1205.87,Toys,03/02/2023,2.2,13,78,FALSE,1
494031719,Bronze,19,1950.09,Tools,4/22/2023,4.5,71,69,FALSE,0
1027507514,Bronze,33,1669.62,Industrial,2/15/2023,2.5,62,84,FALSE,0
7676328519,Silver,13,803.73,Music,5/31/2023,2.9,32,45,TRUE,0
9135350571,Silver,31,2224,Tools,10/13/2023,3.5,16,54,TRUE,0
8491538143,Gold,30,1075.33,Electronics,8/30/2023,2.8,108,60,TRUE,0
5412898394,Gold,31,2795.27,Automotive,09/09/2023,3.4,33,40,TRUE,0
1066217947,Bronze,10,42.16,Home,10/16/2023,4.9,34,59,TRUE,1
4300557713,Gold,44,2967.52,Music,02/12/2023,2.8,96,55,TRUE,0
3666572138,Silver,20,985.18,Jewelry,11/23/2023,2.8,10,76,TRUE,0
3796001262,Platinum,50,2305.88,Industrial,9/24/2023,3.8,77,90,TRUE,0
2012767788,Silver,7,2264.74,Music,6/21/2023,1.2,55,87,FALSE,1
5670121457,Bronze,14,417.72,Grocery,01/02/2023,5,98,40,FALSE,1
8009065161,Gold,40,1907.64,Sports,10/23/2023,4.5,99,65,FALSE,0
5588768329,Gold,31,1921.5,Automotive,11/04/2023,3.4,109,71,TRUE,1
36664502,Platinum,41,671.31,Sports,09/11/2023,3.4,85,80,FALSE,1
3945662907,Gold,9,2098.39,Electronics,04/02/2023,4.2,88,89,TRUE,0
4800535484,Bronze,4,2005.51,Kids,08/01/2023,4.5,5,70,TRUE,0
5922769596,Silver,21,281.3,Computers,12/11/2023,2.1,116,61,TRUE,0
8115631795,Silver,49,,Toys,03/01/2023,4.4,77,9,FALSE,0
1881067777,Silver,23,2247.4,Tools,10/22/2023,4.7,74,28,TRUE,1
6552618204,Bronze,44,1768.02,Kids,12/30/2023,4.7,114,79,TRUE,0
6183992119,Bronze,33,483.08,Beauty,1/13/2023,3,82,45,TRUE,0
7057633327,Platinum,24,967.89,Shoes,07/07/2023,4.6,79,59,TRUE,1
7761629978,Gold,40,1499.17,Baby,5/21/2023,1.2,92,21,TRUE,0
4470633194,Silver,20,1600.49,Automotive,12/30/2023,2.4,106,100,FALSE,1
7699488385,Bronze,31,2608.69,Tools,1/16/2023,3.9,37,14,FALSE,1
5070913417,Silver,16,297.81,Outdoors,02/10/2023,2.9,98,9,FALSE,1
7270431140,Silver,50,2038.49,Music,10/04/2023,1.4,45,19,FALSE,1
4534189249,Bronze,6,593.63,Tools,11/29/2023,3.4,98,75,FALSE,0
7267267831,Platinum,48,480.78,Tools,11/06/2023,3.2,39,42,FALSE,0
9382135545,Silver,12,973.77,Games,05/03/2023,1.8,107,81,FALSE,0
9775584221,Gold,32,2633.22,Jewelry,08/04/2023,2.3,75,84,FALSE,1
446417599,Gold,45,2316.93,Shoes,4/14/2023,2,54,18,FALSE,0
594379245,Platinum,48,2273.14,Toys,7/21/2023,4.7,58,26,FALSE,1
9477785539,Platinum,7,560.36,Health,11/01/2023,3.3,64,42,TRUE,1
8333846270,Silver,45,267.3,Automotive,01/10/2023,2.2,77,27,TRUE,1
600214036,Platinum,40,372.36,Electronics,08/03/2023,3.4,13,17,FALSE,1
3833854030,Gold,6,1632.35,Music,03/07/2023,3.7,19,55,TRUE,1
8964719204,Silver,8,448.21,Home,1/29/2023,2.7,30,54,TRUE,0
5493512629,Silver,1,2431.57,Books,12/13/2023,3.4,35,33,TRUE,1
5766331789,Bronze,2,165.49,Garden,11/12/2023,3.3,43,60,TRUE,1
1735662550,Bronze,11,722.07,Beauty,11/13/2023,4.7,49,50,TRUE,1
1477567399,Bronze,40,2522.06,Outdoors,7/17/2023,4.9,77,86,FALSE,0
6856387377,Gold,36,2870.03,Jewelry,12/24/2023,2.7,63,88,FALSE,0
262806932,Silver,18,540.93,Books,6/27/2023,2.8,25,96,TRUE,1
9601134123,Bronze,36,1213.43,Books,2/15/2023,4.1,97,82,TRUE,1
7508142519,Bronze,40,2963.96,Garden,11/03/2023,4.2,62,10,TRUE,1
786453656,Silver,44,1797.37,Movies,09/10/2023,3,41,25,TRUE,1
7177441581,Bronze,28,291.43,Home,11/11/2023,1.4,54,44,FALSE,0
5324981532,Bronze,33,2051.79,Clothing,11/06/2023,4.4,52,55,FALSE,0
8267645950,Gold,17,2642.44,Grocery,9/20/2023,3.3,49,62,FALSE,1
1028238436,Bronze,44,2961.69,Toys,01/11/2023,2.6,48,30,FALSE,0
3660820237,Platinum,47,2900.46,Beauty,10/21/2023,4.8,102,44,TRUE,1
3982249260,Platinum,50,,Beauty,7/22/2023,1.6,19,66,FALSE,1
2946439712,Gold,44,2322.61,Baby,02/07/2023,3,7,62,FALSE,0
2741894949,Platinum,13,2463.28,Music,11/20/2023,1.3,64,43,FALSE,1
9470549791,Gold,37,2372.97,Outdoors,03/01/2023,2.9,13,94,TRUE,0
1085878473,Gold,36,1876.38,Shoes,9/13/2023,1.6,59,52,FALSE,1
6459906327,Bronze,14,2037.76,Industrial,7/18/2023,2.3,92,39,FALSE,0
1348589035,Bronze,34,624.56,Garden,5/27/2023,4.7,111,72,TRUE,1
8195566049,Gold,13,2761.56,Beauty,3/28/2023,1.4,37,96,FALSE,1
795807309,Bronze,45,1403.5,Electronics,10/05/2023,4.6,38,10,TRUE,1
6867016561,Gold,15,730.64,Shoes,9/18/2023,,44,30,TRUE,0
6820145217,Bronze,42,,Jewelry,10/27/2023,3.3,95,35,FALSE,1
5424289479,Silver,47,2621.76,Games,12/02/2023,1.4,108,95,TRUE,0
6394606723,Gold,16,2408.58,Baby,12/27/2023,,31,7,TRUE,0
9067245070,Silver,25,2802.52,Games,01/11/2023,1.5,18,39,TRUE,1
4313473440,Platinum,13,1934.24,Computers,12/26/2023,4.7,75,8,FALSE,0
7318388932,Silver,32,1804.54,Industrial,12/21/2023,3.1,30,38,TRUE,1
6128779301,Platinum,28,757.13,Movies,6/16/2023,4.5,50,13,TRUE,1
2828859460,Platinum,9,2722.01,Movies,06/02/2023,4,29,11,TRUE,0
6482933610,Gold,39,168.91,Grocery,03/02/2023,1.5,112,94,TRUE,1
6051497927,Gold,42,2756.14,Industrial,6/30/2023,3.3,43,63,TRUE,0
2170904735,Bronze,20,,Outdoors,9/23/2023,2.5,20,69,FALSE,1
2786676061,Bronze,9,1778.93,Automotive,02/02/2023,2.7,41,70,TRUE,1
6239403938,Gold,30,359.58,Sports,9/29/2023,4.1,114,81,FALSE,0
2062788916,Silver,31,120.5,Games,06/01/2023,2.7,42,29,FALSE,1
1751293785,Platinum,28,,Automotive,07/08/2023,3.8,37,95,TRUE,0
3530623547,Bronze,26,2595.6,Home,11/02/2023,,27,20,FALSE,0
4270679328,Platinum,43,1227.51,Computers,12/06/2023,4.9,82,22,FALSE,1
7973061673,Platinum,9,2987.63,Computers,12/25/2023,2.4,7,92,TRUE,0
3305309687,Gold,25,695.79,Computers,12/16/2023,3.4,109,87,TRUE,0
7896587947,Platinum,47,933.36,Beauty,6/18/2023,4.3,93,51,TRUE,1
3613212870,Gold,35,452.25,Tools,11/17/2023,2.7,29,84,TRUE,0
6012671016,Platinum,12,224.8,Electronics,04/02/2023,3.3,72,5,FALSE,0
8237992679,Platinum,17,2819.21,Beauty,03/09/2023,3.9,34,77,TRUE,0
6691147316,Platinum,30,574.91,Grocery,9/17/2023,3.9,40,100,FALSE,1
2432490223,Silver,20,723.62,Industrial,10/21/2023,4.3,24,70,TRUE,0
4849557643,Bronze,12,1053.54,Jewelry,7/15/2023,3.4,16,56,TRUE,1
9444663280,Platinum,2,952.25,Automotive,3/14/2023,2.8,13,13,TRUE,0
6866437407,Gold,36,1833.51,Garden,7/16/2023,4.8,60,86,TRUE,0
9077874402,Gold,4,2683.77,Music,5/16/2023,4.6,44,5,FALSE,0
8771575316,Gold,47,1543.05,Electronics,01/08/2023,1.7,59,28,TRUE,1
7601521982,Platinum,40,1485.27,Games,2/18/2023,1,5,61,TRUE,0
1070738115,Silver,45,2420.78,Health,11/18/2023,2.6,45,10,FALSE,1
2894031386,Platinum,23,2301.95,Automotive,6/23/2023,1.7,20,17,TRUE,0
9547922033,Platinum,25,2664.36,Books,9/15/2023,4.6,43,13,FALSE,1
731319818,Platinum,11,2993.92,Clothing,7/22/2023,1.4,112,99,FALSE,0
511572417,Silver,25,507.19,Beauty,3/22/2023,3.8,118,36,TRUE,1
7398278950,Platinum,12,,Clothing,6/17/2023,3.1,35,25,FALSE,0
948471239,Silver,32,1486.03,Kids,8/19/2023,4.4,93,69,FALSE,0
398773572,Bronze,33,2126.38,Baby,1/16/2023,4.3,96,94,FALSE,1
1289311358,Gold,16,1198.03,Health,11/26/2023,2.2,72,53,TRUE,0
2072894662,Bronze,18,2485.6,Toys,09/03/2023,2.2,16,65,TRUE,1
6266160862,Gold,7,759.46,Garden,5/18/2023,2.2,43,91,FALSE,0
8997746952,Bronze,20,,Games,7/22/2023,2.3,116,77,TRUE,0
6715960755,Silver,28,957.77,Games,7/13/2023,4.1,57,67,FALSE,0
7908521223,Gold,16,2610.42,Home,11/19/2023,2.8,10,83,TRUE,0
1529886848,Silver,21,956.99,Sports,8/31/2023,,109,45,FALSE,1
4257362502,Platinum,30,663.59,Home,11/04/2023,4.3,81,11,TRUE,1
2041733942,Bronze,8,,Books,6/26/2023,4,62,41,TRUE,0
3764906456,Gold,33,2945.94,Shoes,12/16/2023,1.5,62,43,FALSE,1
529113988,Platinum,3,352.84,Games,12/25/2023,4.1,42,33,FALSE,0
9380310102,Gold,14,1244.14,Industrial,11/29/2023,1.5,77,26,TRUE,0
8707192215,Silver,10,,Jewelry,02/11/2023,3.3,17,46,FALSE,1
6119592032,Silver,9,590.38,Movies,05/08/2023,1.7,67,92,TRUE,0
5914604206,Platinum,7,2919.34,Music,3/16/2023,1.2,14,29,TRUE,0
4389086766,Gold,24,2745.61,Tools,09/04/2023,3.8,42,19,FALSE,1
7137923496,Platinum,38,453.96,Baby,4/22/2023,4.7,29,100,TRUE,1
8703471810,Bronze,47,88.74,Movies,09/09/2023,2.9,35,68,FALSE,0
6297266344,Gold,23,2858.31,Beauty,6/22/2023,2.7,39,63,TRUE,0
6005537415,Gold,46,1197.57,Toys,7/29/2023,1,119,6,FALSE,1
3975925442,Bronze,17,762.48,Movies,12/03/2023,3.7,111,98,FALSE,0
7086055492,Platinum,47,1682.12,Music,06/12/2023,2.9,24,25,FALSE,1
4968550936,Platinum,13,2710.48,Sports,5/20/2023,2.9,117,14,TRUE,0
7445470174,Bronze,5,2618.2,Garden,12/29/2023,3.4,92,18,FALSE,1
8285563855,Bronze,26,455.71,Music,02/01/2023,4.8,117,67,TRUE,0
9839587358,Platinum,42,2302.81,Beauty,9/19/2023,3.5,89,70,TRUE,0
2539074138,Platinum,22,451.16,Clothing,2/17/2023,3.7,49,98,FALSE,0
6114413830,Bronze,37,260.4,Toys,6/29/2023,4.1,119,82,FALSE,0
1907976248,Platinum,28,2755.13,Outdoors,07/11/2023,4.6,103,53,TRUE,1
1599313901,Silver,43,2899.9,Shoes,4/17/2023,4.4,120,94,FALSE,0
1252628293,Silver,27,2682.12,Electronics,9/29/2023,,63,65,FALSE,0
8405619437,Gold,2,1060.06,Jewelry,09/08/2023,2.1,68,38,FALSE,0
5270664763,Silver,17,,Health,1/17/2023,3.7,110,99,FALSE,1
7475020878,Gold,20,2873.73,Books,12/07/2023,,93,51,TRUE,0
3938543159,Bronze,21,2503.43,Jewelry,9/30/2023,4.5,45,79,FALSE,0
3165084491,Silver,13,1017.66,Automotive,11/28/2023,2.2,120,83,TRUE,1
1190865904,Gold,3,1557.9,Sports,12/09/2023,1.7,29,64,FALSE,1
2354970501,Platinum,20,1417.5,Baby,07/01/2023,1.6,51,86,FALSE,1
235100617,Platinum,37,1043.68,Computers,06/09/2023,4.7,31,62,TRUE,1
7066327888,Silver,31,2775.75,Books,07/08/2023,2.7,17,3,TRUE,0
5616667994,Platinum,37,2232.11,Computers,2/23/2023,2.4,60,45,TRUE,1
2787422284,Platinum,1,2535.68,Garden,5/21/2023,2.2,90,42,FALSE,1
9062690238,Gold,10,252.64,Books,9/22/2023,5,59,46,FALSE,1
6670660278,Gold,29,1050.17,Kids,2/26/2023,3.1,25,61,TRUE,1
3908192498,Gold,46,,Electronics,2/15/2023,1.1,58,83,FALSE,1
5431022768,Silver,4,1783.62,Garden,10/06/2023,,111,80,TRUE,0
4050906783,Platinum,50,2112.37,Baby,6/18/2023,2.3,60,88,FALSE,1
4612012380,Bronze,18,627.77,Health,05/03/2023,4,16,44,TRUE,0
7913138254,Gold,10,1481.49,Games,04/01/2023,4.1,58,60,FALSE,0
6769831058,Platinum,35,560.54,Beauty,5/25/2023,4,15,69,FALSE,0
7073489278,Platinum,41,2135.15,Toys,11/27/2023,2.7,34,11,TRUE,1
5255282367,Bronze,42,1012.45,Grocery,01/02/2023,1.2,94,89,TRUE,0
3391749180,Bronze,31,771.83,Movies,8/16/2023,3.8,72,29,TRUE,0
7092510139,Gold,36,1734.07,Toys,1/20/2023,3.5,7,52,TRUE,1
9278978442,Gold,4,2502.8,Games,10/17/2023,1.8,76,68,FALSE,1
3677137578,Gold,23,1185.95,Jewelry,10/11/2023,2.5,82,32,TRUE,0
2876849046,Silver,39,2004.19,Health,05/10/2023,4.4,20,87,FALSE,1
9286475330,Gold,45,252.09,Computers,6/17/2023,,77,31,FALSE,0
895917602,Silver,35,1065.26,Music,12/13/2023,1.7,41,74,TRUE,1
5133300530,Bronze,33,1302.81,Outdoors,2/23/2023,2.3,66,19,TRUE,0
146357612,Bronze,15,364.67,Beauty,4/24/2023,4.6,39,8,FALSE,1
524836205,Bronze,39,1260.37,Electronics,10/17/2023,4,41,21,TRUE,0
8720375239,Bronze,28,,Sports,3/28/2023,1.4,52,58,TRUE,1
2886751510,Platinum,34,1519.5,Garden,02/08/2023,2.2,100,73,TRUE,0
6656214509,Gold,25,1659.48,Games,5/22/2023,4.2,83,58,FALSE,0
3111442896,Silver,1,2496.52,Clothing,12/22/2023,3.5,20,67,TRUE,0
6939468056,Platinum,48,2531.67,Kids,5/26/2023,1.5,115,14,TRUE,0
5908277053,Platinum,37,1402.38,Games,8/30/2023,3,76,67,FALSE,1
1948309548,Platinum,37,1658.17,Kids,8/13/2023,2.8,99,41,FALSE,0
3990764217,Silver,19,1785,Automotive,11/13/2023,1.5,35,53,FALSE,1
1757316094,Silver,21,788.53,Health,8/30/2023,3.1,110,86,FALSE,1
2876830868,Silver,47,2050.01,Outdoors,12/01/2023,,101,22,FALSE,0
3828140432,Bronze,44,2826.69,Books,12/10/2023,2.9,26,59,TRUE,1
5340772942,Platinum,24,537.04,Movies,6/23/2023,1.8,75,1,FALSE,1
4830348577,Platinum,47,596.46,Sports,05/11/2023,2.1,95,95,FALSE,1
2612633898,Bronze,3,2957.48,Movies,8/13/2023,1.7,83,24,TRUE,0
670457582,Silver,50,982.75,Automotive,10/24/2023,3.9,76,86,TRUE,1
9008798433,Gold,10,1437.56,Home,11/25/2023,1,117,52,TRUE,0
6897329819,Gold,4,,Games,7/16/2023,2.2,20,78,TRUE,0
5733466197,Gold,46,226.12,Garden,12/08/2023,2.5,9,11,TRUE,0
874807719,Bronze,47,,Electronics,12/27/2023,1.7,49,78,FALSE,0
5697407548,Platinum,19,2732.97,Automotive,1/15/2023,3.6,9,93,TRUE,0
9760490048,Gold,44,1699.62,Clothing,9/17/2023,2.1,103,34,TRUE,1
647025965,Gold,28,2171.15,Sports,07/07/2023,1.5,23,18,TRUE,1
4787418416,Silver,38,2025.63,Shoes,6/30/2023,2.9,60,22,TRUE,1
1459244575,Platinum,39,304.42,Games,04/10/2023,4.4,15,98,TRUE,0
9725840194,Silver,17,2907.53,Shoes,1/24/2023,3.6,96,7,TRUE,0
2096156149,Platinum,44,527.53,Computers,12/11/2023,1.4,110,71,TRUE,0
7778951142,Silver,39,591.17,Health,07/03/2023,4.2,84,18,TRUE,1
4654577378,Bronze,8,512.26,Games,9/21/2023,1.7,6,31,TRUE,1
7509341833,Silver,17,1000.4,Movies,03/03/2023,1.7,17,16,FALSE,0
5439420266,Silver,38,927.27,Computers,1/16/2023,4.6,48,99,TRUE,1
3249484008,Silver,28,2458.49,Outdoors,12/07/2023,2.7,66,43,TRUE,1
8013358666,Bronze,32,2759.53,Clothing,12/12/2023,1.5,5,1,FALSE,0
9444257282,Bronze,38,2558.29,Kids,8/31/2023,1.9,72,81,FALSE,1
4100542984,Platinum,43,1471.6,Tools,8/26/2023,2.5,84,32,TRUE,0
5589194962,Gold,49,2664.31,Electronics,3/28/2023,1.1,103,65,FALSE,1
5507439745,Bronze,31,2514.05,Music,8/13/2023,2.1,113,1,TRUE,0
3163448305,Bronze,12,2118.14,Health,11/05/2023,4,38,93,FALSE,0
4777789705,Platinum,22,,Grocery,11/22/2023,4.1,101,23,FALSE,0
1725377330,Bronze,20,35.62,Tools,10/20/2023,4.5,104,14,TRUE,1
1748069772,Silver,5,,Automotive,3/27/2023,,58,30,TRUE,1
2928678859,Bronze,30,1491.89,Automotive,2/24/2023,1.9,91,30,TRUE,0
9889833700,Silver,27,888.55,Shoes,04/09/2023,2.5,76,49,TRUE,1
3638653218,Platinum,24,1568.6,Games,08/03/2023,3.7,102,98,FALSE,0
781304571,Silver,49,,Kids,1/24/2023,,76,77,FALSE,0
6099701451,Platinum,23,166.8,Toys,01/08/2023,4.2,63,51,FALSE,1
3407686617,Silver,16,2576.69,Garden,7/27/2023,1.3,72,50,FALSE,1
7676236657,Bronze,23,1300.19,Beauty,8/19/2023,,56,29,TRUE,0
8746841016,Gold,32,547.58,Grocery,05/10/2023,4.3,41,44,FALSE,1
5033838555,Silver,30,279.78,Sports,9/13/2023,1.9,70,20,FALSE,0
152799311,Platinum,45,2073.01,Grocery,07/08/2023,,32,84,FALSE,0
7672360639,Silver,11,2292.13,Grocery,7/18/2023,,10,21,TRUE,0
9629812274,Silver,29,2424.93,Automotive,5/18/2023,2.9,97,57,FALSE,1
8886280459,Silver,15,341.05,Automotive,11/19/2023,4.4,12,85,FALSE,0
125292562,Bronze,24,2494.74,Health,11/12/2023,2.1,77,65,TRUE,0
8353980533,Silver,14,1597.36,Kids,02/11/2023,2.3,119,41,TRUE,0
1632518678,Gold,27,,Games,4/14/2023,4.3,16,48,TRUE,0
9096792491,Gold,47,2320.48,Toys,1/26/2023,4.3,103,90,TRUE,0
926846558,Platinum,1,1149.62,Sports,8/18/2023,2.1,25,10,FALSE,1
1060013606,Silver,4,537.71,Music,4/15/2023,3.1,51,97,TRUE,1
4506651979,Silver,18,2903.62,Shoes,10/12/2023,3.7,108,12,FALSE,1
9970729535,Bronze,17,,Tools,7/19/2023,4.8,83,80,TRUE,0
6259423969,Platinum,19,1675.66,Baby,02/11/2023,3.2,76,63,FALSE,1
3743811898,Silver,12,2844.46,Baby,7/14/2023,3.8,99,37,TRUE,1
9223434726,Bronze,36,316.29,Kids,12/12/2023,,75,27,FALSE,0
785533281,Gold,42,959.23,Computers,07/08/2023,1.1,48,22,FALSE,0
9998127408,Gold,41,334.51,Baby,10/28/2023,2.2,76,66,FALSE,0
2741410631,Bronze,21,1924.96,Automotive,5/23/2023,2.6,54,47,FALSE,1
3021065457,Platinum,21,358.22,Beauty,05/06/2023,2,11,96,TRUE,0
2454172143,Gold,17,2064.36,Outdoors,11/02/2023,,84,11,FALSE,0
3080918851,Gold,12,181.19,Home,5/23/2023,4.1,92,5,FALSE,1
4038471551,Bronze,22,,Beauty,05/10/2023,3.3,109,70,TRUE,1
6422760159,Platinum,25,1717.96,Electronics,8/14/2023,3.4,108,70,FALSE,1
255179138,Gold,26,2341.05,Baby,8/15/2023,,105,39,FALSE,0
4616178836,Silver,20,337.49,Grocery,12/25/2023,3.7,52,81,FALSE,1
6855991424,Silver,16,,Computers,8/15/2023,2.3,95,46,TRUE,1
9656466519,Platinum,6,871.04,Movies,09/06/2023,3.6,67,95,TRUE,1
3613167247,Gold,32,1751.11,Music,11/14/2023,4.2,100,62,FALSE,1
8260965178,Silver,42,2247.43,Beauty,5/28/2023,4.7,25,71,TRUE,1
9449767505,Silver,12,2419,Garden,2/14/2023,1.2,62,11,TRUE,0
126468923,Gold,32,2614.27,Kids,11/14/2023,4.7,51,69,TRUE,0
2635616914,Bronze,30,1148.45,Music,1/20/2023,4.9,58,34,FALSE,0
7264597849,Silver,9,2216.75,Outdoors,1/21/2023,3,54,15,FALSE,0
5650656789,Platinum,29,1743.9,Computers,11/15/2023,4.7,75,9,FALSE,0
5530783465,Platinum,25,342.33,Home,08/04/2023,2.6,75,87,TRUE,1
5747409603,Bronze,35,1373.5,Baby,6/16/2023,2.4,9,51,TRUE,0
6435221375,Bronze,28,1577.97,Baby,03/06/2023,2.6,119,40,TRUE,1
5703260221,Gold,6,1355.58,Tools,10/05/2023,3.5,34,35,TRUE,1
4953762703,Gold,31,2294.96,Toys,05/04/2023,1.4,37,29,TRUE,1
3075066273,Silver,40,1433.92,Movies,04/09/2023,4.7,18,4,FALSE,1
3758133394,Gold,19,567.41,Movies,7/22/2023,3,78,94,FALSE,0
9037819354,Gold,40,2502.17,Electronics,4/17/2023,1.6,28,71,TRUE,1
302121021,Platinum,5,1830.24,Tools,11/01/2023,3.5,70,53,TRUE,1
2039843833,Silver,38,932.61,Clothing,06/04/2023,4.9,115,100,FALSE,0
1403552479,Platinum,43,1981.81,Jewelry,7/21/2023,4.9,92,86,TRUE,1
4099786641,Silver,5,2858.01,Grocery,02/04/2023,4.2,66,55,TRUE,0
844797243,Bronze,34,1856.69,Games,07/03/2023,2.2,62,37,FALSE,0
5112255196,Platinum,25,1662.14,Outdoors,8/16/2023,3.9,71,61,FALSE,0
1488992975,Gold,4,2092.43,Health,5/19/2023,2.2,34,12,TRUE,0
1899707883,Gold,20,1406.37,Toys,10/31/2023,4.5,97,31,TRUE,0
6998433468,Bronze,12,,Outdoors,9/28/2023,4.6,34,57,TRUE,1
2676623168,Platinum,20,1669.69,Games,10/18/2023,3.2,36,12,FALSE,1
7783212646,Gold,17,620.99,Jewelry,3/15/2023,3.5,12,48,TRUE,0
9979297026,Bronze,18,2872.52,Sports,08/06/2023,1.4,6,7,TRUE,0
8062502775,Platinum,34,2951.9,Toys,9/16/2023,3.3,39,5,FALSE,0
1629978639,Gold,37,1258.86,Grocery,8/30/2023,2.5,74,2,TRUE,0
2170940073,Bronze,12,1521.46,Movies,4/26/2023,2,67,22,FALSE,0
7211382406,Bronze,44,1746.11,Sports,08/11/2023,4.3,94,31,TRUE,1
338129197,Silver,8,1449.4,Home,02/04/2023,4.8,16,86,TRUE,1
8471693585,Silver,20,1032.43,Books,12/29/2023,4.8,86,20,TRUE,1
8564917572,Silver,15,2955.35,Kids,3/27/2023,3.4,73,46,TRUE,0
4337912436,Silver,44,626.01,Computers,11/08/2023,2.6,70,73,FALSE,1
3265271625,Gold,31,2562.52,Movies,11/01/2023,1.3,12,33,TRUE,1
6108959789,Silver,44,2230.19,Tools,2/23/2023,,91,20,TRUE,1
224923153,Platinum,22,477.75,Home,12/04/2023,1.6,105,49,TRUE,1
5373367400,Gold,48,1217.38,Movies,02/06/2023,4.8,97,37,FALSE,0
5217739169,Platinum,1,880.07,Clothing,8/23/2023,3.7,106,39,FALSE,1
6187954696,Bronze,32,1256.83,Sports,10/18/2023,3.5,72,64,TRUE,1
1319285392,Gold,38,,Tools,08/05/2023,1.9,13,23,TRUE,1
257103678,Bronze,30,1998.31,Baby,6/19/2023,2,55,20,FALSE,1
5002946836,Gold,26,,Outdoors,11/14/2023,3.2,43,86,TRUE,1
6501832446,Gold,33,1550.04,Baby,9/16/2023,4.4,108,24,TRUE,1
4394743095,Bronze,15,2130.63,Home,12/25/2023,1.7,112,18,TRUE,1
3562992866,Bronze,29,2916.2,Automotive,05/05/2023,,74,21,FALSE,0
2020332663,Silver,36,,Clothing,8/26/2023,3.6,76,84,FALSE,0
8228539797,Bronze,15,2826.53,Kids,02/04/2023,1.3,49,70,FALSE,0
6831994741,Platinum,30,338.05,Automotive,9/25/2023,3,57,21,FALSE,0
474132056,Silver,8,239.42,Baby,03/08/2023,4.6,107,31,TRUE,1
2562497619,Gold,46,2039.88,Grocery,05/11/2023,1.7,85,89,TRUE,0
4125904251,Gold,34,531.23,Jewelry,12/02/2023,1.8,107,30,TRUE,1
7312728618,Gold,32,,Kids,6/23/2023,3.4,43,30,FALSE,1
8600803365,Platinum,37,169.6,Clothing,9/19/2023,3.9,105,80,FALSE,1
14695960,Bronze,21,128.7,Automotive,10/04/2023,1.1,111,76,FALSE,1
1278144730,Silver,17,,Movies,02/07/2023,,13,93,TRUE,1
797486755,Platinum,25,283.86,Clothing,8/28/2023,2.9,40,78,FALSE,0
8915512634,Platinum,3,,Health,2/21/2023,4.3,59,34,TRUE,0
3117354573,Silver,11,,Grocery,5/29/2023,2.8,47,83,FALSE,0
6206388212,Silver,42,1482.51,Computers,3/22/2023,1.5,40,69,FALSE,0
3464861759,Silver,9,,Home,05/02/2023,4.5,118,23,TRUE,0
9762634667,Silver,35,1893.44,Shoes,4/26/2023,4.6,111,97,TRUE,0
8092396655,Silver,6,1665.27,Outdoors,8/23/2023,,112,55,TRUE,1
1559610077,Bronze,37,1676.46,Electronics,10/11/2023,3.9,54,6,TRUE,0
423433040,Bronze,2,231.52,Garden,4/30/2023,3.1,19,73,FALSE,0
1435183665,Platinum,28,2670.78,Computers,7/25/2023,3,31,68,FALSE,0
2402862157,Silver,45,2097.96,Music,03/03/2023,3.9,19,57,TRUE,0
7681578609,Platinum,17,,Grocery,6/26/2023,1.8,78,43,TRUE,0
3842647808,Bronze,46,1339.8,Baby,1/28/2023,4.6,17,1,FALSE,0
6884977930,Bronze,32,1414.29,Electronics,1/24/2023,,76,46,TRUE,0
7600920654,Platinum,49,2783.22,Movies,9/21/2023,4.7,109,28,FALSE,1
8945669442,Platinum,41,1563.38,Outdoors,05/04/2023,,55,42,TRUE,0
6473736824,Gold,28,2239.8,Computers,5/14/2023,4.5,112,77,TRUE,1
4645822314,Platinum,30,34.98,Toys,7/24/2023,4.5,85,34,TRUE,1
8254385238,Platinum,16,1399.34,Computers,10/08/2023,3.6,108,14,FALSE,0
7572760112,Silver,30,1829.17,Outdoors,03/11/2023,2.4,84,35,TRUE,1
1340895498,Bronze,50,1987.31,Music,12/12/2023,2.3,103,17,FALSE,0
1575421348,Silver,2,2312.85,Toys,2/14/2023,2.5,119,46,TRUE,0
6887930366,Platinum,13,2000.85,Electronics,10/10/2023,3.6,9,32,FALSE,1
2823332944,Silver,38,1060.78,Home,5/16/2023,3.8,21,15,TRUE,0
1941958842,Gold,26,1690.85,Electronics,7/26/2023,3.2,11,63,FALSE,0
7224725196,Gold,36,2036.34,Clothing,05/03/2023,1.6,25,34,TRUE,1
6746634086,Silver,30,134.29,Beauty,06/12/2023,2.1,118,33,FALSE,1
2949141765,Platinum,38,,Toys,1/20/2023,2.4,74,84,FALSE,0
6387669162,Silver,22,1493.18,Health,09/07/2023,4.6,87,57,FALSE,0
3623421499,Bronze,13,46.15,Outdoors,2/19/2023,3.6,87,28,TRUE,0
2621137806,Platinum,14,1985.12,Home,3/13/2023,1.2,88,82,FALSE,0
1342669304,Bronze,8,2497.24,Industrial,2/13/2023,3.2,12,54,TRUE,1
4352071250,Gold,35,1127.76,Electronics,11/26/2023,4.6,47,44,TRUE,0
4825708609,Bronze,34,1966.45,Garden,9/26/2023,4.6,36,83,FALSE,1
6922622421,Bronze,23,1489.06,Industrial,04/06/2023,5,100,47,TRUE,0
8152938440,Bronze,34,1923.18,Shoes,7/31/2023,3.8,23,88,TRUE,1
9014797516,Gold,18,1701.94,Jewelry,11/29/2023,4.3,35,22,FALSE,0
6897557366,Bronze,30,374.47,Automotive,3/25/2023,1.9,35,78,FALSE,0
8292376356,Silver,25,1887.34,Movies,10/27/2023,4,73,71,TRUE,1
6734840018,Gold,38,919.36,Health,11/07/2023,1.3,63,59,FALSE,1
8531299578,Bronze,2,2330.77,Grocery,08/10/2023,3.5,92,15,FALSE,0
7101387756,Silver,8,1335.86,Baby,1/24/2023,1.9,55,51,FALSE,1
6903216316,Silver,37,1919.22,Jewelry,3/17/2023,2.6,73,51,FALSE,1
6591911502,Platinum,15,1315.18,Clothing,10/30/2023,3.8,118,44,FALSE,0
7369944719,Gold,12,722.43,Jewelry,4/20/2023,4.5,33,93,TRUE,0
3071876874,Gold,35,1194.62,Baby,7/23/2023,2.5,59,35,FALSE,0
5206659762,Bronze,43,455.92,Sports,10/15/2023,3.5,113,13,FALSE,0
989617777,Silver,39,1393.89,Jewelry,12/06/2023,1.7,117,23,FALSE,0
4602454917,Gold,29,835.29,Shoes,07/05/2023,3.2,69,86,TRUE,0
5832073843,Gold,37,574.33,Games,3/18/2023,1.8,15,1,FALSE,1
6246232469,Bronze,4,381.72,Games,1/23/2023,3.8,62,45,TRUE,0
1585367761,Platinum,39,61.17,Tools,02/09/2023,1.1,21,80,FALSE,0
694325481,Silver,24,1528.75,Jewelry,1/31/2023,1.8,77,68,TRUE,1
3763749209,Platinum,9,396.33,Automotive,12/15/2023,1.6,104,71,TRUE,0
6018261928,Platinum,5,2232.05,Sports,08/01/2023,3.7,86,54,FALSE,0
3099464759,Gold,30,955.3,Home,10/20/2023,3.5,27,1,TRUE,0
3614545903,Bronze,16,1872.94,Clothing,1/13/2023,3.9,65,100,TRUE,1
7141403175,Bronze,45,1439.82,Computers,06/06/2023,3.9,82,2,TRUE,1
4276701260,Platinum,29,472.33,Garden,07/09/2023,1.3,21,78,FALSE,0
630207577,Bronze,50,,Baby,03/07/2023,3.8,119,94,FALSE,1
378027514,Gold,13,1291.37,Beauty,12/22/2023,3.1,31,20,TRUE,1
9918784288,Bronze,29,,Kids,5/20/2023,,42,56,TRUE,0
5403417729,Bronze,15,,Electronics,11/14/2023,1.6,64,37,FALSE,0
5748620049,Platinum,14,2418.7,Games,6/27/2023,2.3,119,86,TRUE,0
9291536318,Gold,49,1611.13,Health,3/22/2023,1.1,62,16,FALSE,1
6699759221,Gold,18,,Computers,12/14/2023,4.8,12,57,TRUE,0
3055711319,Platinum,15,968.96,Home,10/05/2023,1.7,110,59,FALSE,0
2035636299,Gold,20,2563.93,Tools,4/13/2023,1.6,114,18,TRUE,1
3090380129,Silver,31,1997.38,Shoes,04/02/2023,,16,68,TRUE,0
8867229141,Bronze,17,1664.32,Outdoors,10/14/2023,2.7,65,25,FALSE,1
2237885494,Gold,16,2914.93,Kids,10/26/2023,2.1,83,85,TRUE,1
2687899232,Platinum,24,2642.95,Baby,9/27/2023,4,83,42,FALSE,0
6953206330,Platinum,33,724.38,Jewelry,09/12/2023,4.6,20,26,FALSE,0
1359088989,Platinum,15,1956.81,Industrial,4/13/2023,4.5,30,2,FALSE,1
9705034958,Silver,25,2115.51,Health,10/12/2023,3.3,64,37,TRUE,0
9584811126,Bronze,15,1751.08,Sports,11/10/2023,,95,86,TRUE,0
6386056051,Gold,45,2011.96,Grocery,04/05/2023,4.2,41,38,FALSE,1
7238585472,Bronze,20,2741.99,Clothing,09/01/2023,3.1,17,30,TRUE,1
5501092662,Gold,16,1029.16,Garden,10/02/2023,1.6,57,90,TRUE,1
9653524992,Gold,33,2733.72,Sports,1/27/2023,2.9,100,4,TRUE,0
4045841881,Bronze,3,1677.75,Sports,12/12/2023,2.3,39,49,FALSE,1
1104795221,Silver,17,1642.6,Baby,12/06/2023,2.2,95,95,TRUE,0
5931499377,Bronze,16,,Industrial,12/30/2023,1.5,10,66,TRUE,0
2733374168,Gold,24,1480.3,Books,11/20/2023,1,112,68,FALSE,1
9078564997,Silver,20,,Shoes,4/17/2023,3.7,32,70,FALSE,1
209658770,Platinum,45,769.36,Toys,7/14/2023,1.7,50,70,TRUE,1
671778374,Platinum,48,814.48,Automotive,5/28/2023,4,101,42,TRUE,0
611841711,Silver,33,2607.18,Automotive,10/29/2023,3.1,29,38,FALSE,0
4822915131,Bronze,29,2014.65,Baby,8/22/2023,3.8,78,43,FALSE,0
1190986663,Gold,43,,Grocery,08/08/2023,3.8,89,42,TRUE,0
2494821959,Platinum,35,1354.88,Automotive,10/04/2023,,66,35,FALSE,1
4314637943,Gold,2,,Toys,6/16/2023,4.6,34,50,FALSE,0
8656778757,Silver,5,2374.01,Books,08/07/2023,4.1,68,27,FALSE,0
374125880,Bronze,11,2688.09,Automotive,10/17/2023,3.4,51,87,TRUE,1
8176165670,Bronze,9,331.99,Music,4/18/2023,1.6,13,99,FALSE,0
5707796509,Platinum,30,2331.43,Health,06/04/2023,1.3,11,15,TRUE,1
3173690486,Gold,14,601.86,Shoes,2/20/2023,3.9,117,4,TRUE,1
5010129175,Silver,20,486.52,Industrial,7/31/2023,1.2,82,31,FALSE,1
9155791751,Silver,48,1128.88,Health,1/20/2023,4.2,65,67,FALSE,0
2289879185,Gold,47,2077.21,Games,3/31/2023,1.9,106,86,TRUE,1
6608147619,Gold,19,164.27,Beauty,05/01/2023,3,119,37,TRUE,0
1443193577,Platinum,21,2200.29,Garden,11/14/2023,1.4,24,8,TRUE,0
8230584842,Silver,24,1967.81,Beauty,9/13/2023,2.1,53,72,TRUE,1
9323381063,Gold,43,2303.39,Outdoors,05/04/2023,2.2,14,63,FALSE,0
2369535407,Gold,18,782.64,Kids,8/31/2023,2.1,78,26,TRUE,0
2403550256,Bronze,3,2269.77,Garden,7/29/2023,2,53,39,TRUE,1
3906916642,Bronze,12,325.36,Health,9/26/2023,1.9,45,87,FALSE,0
1417845732,Platinum,6,1543.96,Jewelry,8/15/2023,3.3,35,61,FALSE,1
477260918,Bronze,46,871.73,Clothing,7/30/2023,1.2,104,13,TRUE,0
9051756089,Gold,39,2119.21,Music,1/20/2023,2.1,88,92,TRUE,1
9225539673,Bronze,2,2005.59,Games,6/20/2023,1.7,99,68,TRUE,0
3560612675,Silver,28,2702.95,Books,10/10/2023,1.4,61,16,TRUE,0
4769780575,Bronze,13,351.08,Industrial,2/23/2023,2,66,94,TRUE,1
8862170807,Silver,41,2208.67,Industrial,04/08/2023,4.6,34,87,TRUE,0
8428628416,Silver,44,1236.95,Clothing,03/07/2023,2.3,12,73,FALSE,1
7346162242,Silver,3,2451.6,Movies,10/03/2023,4.5,65,28,FALSE,1
6390557752,Gold,11,2563.8,Health,07/11/2023,2.9,39,85,TRUE,0
7673752115,Bronze,3,1121.56,Books,11/16/2023,4.4,87,73,TRUE,1
5709835749,Platinum,4,2777.7,Music,6/29/2023,2.9,119,55,TRUE,1
3822479551,Bronze,30,2980.73,Baby,12/25/2023,1.1,78,69,TRUE,1
8826619891,Platinum,22,1008,Clothing,11/23/2023,1.1,92,40,TRUE,0
9594970812,Bronze,9,494.43,Sports,6/17/2023,1.2,74,63,FALSE,1
85423017,Bronze,28,1941.26,Sports,09/10/2023,3.4,78,34,TRUE,1
1616874368,Platinum,43,1079.22,Tools,1/15/2023,1.7,111,75,TRUE,0
4230886918,Platinum,22,,Books,12/18/2023,2.3,21,30,FALSE,1
7707141121,Bronze,34,1250.21,Movies,10/20/2023,4.1,35,90,TRUE,1
6887595281,Platinum,28,195.77,Kids,4/29/2023,2.1,24,77,FALSE,0
683886894,Gold,15,1917.14,Outdoors,3/31/2023,2.2,32,84,TRUE,1
8399280321,Bronze,42,234.73,Toys,1/26/2023,3.9,72,23,FALSE,0
1019145323,Platinum,43,1859.01,Music,04/08/2023,4.2,80,55,TRUE,0
1384710701,Bronze,1,1322.3,Automotive,4/19/2023,,74,20,TRUE,1
9298903804,Platinum,5,2122.95,Health,12/03/2023,1.7,81,81,FALSE,1
8292121005,Platinum,46,2676.9,Shoes,7/22/2023,1.8,56,25,FALSE,1
520680022,Bronze,16,1269.8,Clothing,1/27/2023,1,48,13,TRUE,0
1770440429,Gold,12,2092.69,Shoes,1/28/2023,1.6,111,47,TRUE,1
269508503,Bronze,40,2152.9,Shoes,02/11/2023,4.2,64,53,TRUE,1
1261955927,Bronze,7,395.39,Garden,9/27/2023,4,24,99,TRUE,1
1218904364,Bronze,2,892.75,Movies,10/07/2023,3.5,86,16,TRUE,0
2587175933,Silver,42,2145,Outdoors,11/19/2023,1.3,86,55,FALSE,1
3631461275,Bronze,27,2927.16,Kids,7/14/2023,3.6,30,54,TRUE,0
5977474709,Silver,47,558.02,Baby,4/21/2023,1.2,69,82,FALSE,0
4401078853,Gold,11,2956.51,Clothing,12/24/2023,1.3,120,99,TRUE,1
9232111861,Bronze,44,1722.81,Toys,6/21/2023,2.8,76,100,TRUE,1
6877818024,Bronze,5,782.3,Jewelry,06/01/2023,1.2,33,45,TRUE,1
4136840969,Gold,39,2662.98,Movies,12/08/2023,2.7,18,7,TRUE,1
5550197642,Silver,16,1620.97,Clothing,04/04/2023,3,117,60,TRUE,1
2581448075,Gold,46,1500.5,Movies,3/30/2023,,76,32,FALSE,0
997522704,Bronze,34,2737.98,Beauty,08/11/2023,3.9,90,77,TRUE,1
5609743265,Gold,31,2404.33,Grocery,3/16/2023,3.7,9,34,FALSE,1
7462811383,Platinum,39,2790.83,Kids,12/08/2023,3.1,97,86,TRUE,0
4331170853,Silver,35,2311.9,Games,07/09/2023,4.5,117,90,TRUE,0
6183166626,Platinum,11,,Industrial,4/17/2023,1.3,8,61,TRUE,1
1807807401,Bronze,35,1051.01,Clothing,9/27/2023,3.2,54,94,TRUE,0
9009149773,Bronze,20,1128.4,Electronics,5/19/2023,4.3,25,37,TRUE,1
1754408826,Platinum,44,1849.38,Electronics,10/30/2023,1.9,9,65,FALSE,1
2425641653,Platinum,6,1032.44,Jewelry,10/28/2023,4.6,52,56,TRUE,0
1471465748,Platinum,27,66.65,Sports,10/17/2023,,22,26,FALSE,1
4795279241,Platinum,17,,Industrial,10/13/2023,1.7,99,27,FALSE,1
2526833868,Platinum,3,459.43,Kids,05/07/2023,2.8,68,25,TRUE,1
6586524105,Gold,3,2129.88,Home,11/02/2023,2.3,114,79,TRUE,1
1344032133,Bronze,38,2072.61,Computers,12/14/2023,2.9,41,96,FALSE,1
1556273916,Silver,37,1193.03,Electronics,07/11/2023,3.4,119,54,TRUE,0
6035086489,Silver,19,2755.9,Books,8/20/2023,2.3,94,15,TRUE,0
3148814002,Platinum,9,2960.45,Industrial,07/10/2023,4.4,91,77,FALSE,1
6012154844,Gold,27,2526.37,Toys,02/04/2023,2,29,22,FALSE,0
2451693258,Gold,21,,Kids,05/03/2023,1,72,35,FALSE,1
2077340789,Bronze,1,1254.14,Computers,8/23/2023,1.2,26,35,TRUE,1
8072492713,Platinum,31,164.69,Beauty,7/23/2023,1.2,73,85,FALSE,1
6861055654,Gold,28,1793.73,Electronics,07/11/2023,4.7,13,80,FALSE,1
3184988775,Bronze,49,1795.7,Baby,8/22/2023,3.8,24,14,FALSE,0
5281730851,Gold,27,2937.17,Books,1/14/2023,4.3,42,60,TRUE,0
3712200196,Platinum,38,1692.9,Tools,7/13/2023,4.8,108,18,TRUE,1
2472115458,Platinum,29,1904.47,Electronics,04/07/2023,1.4,107,35,TRUE,1
6174588424,Platinum,11,1581.97,Electronics,6/30/2023,4.1,80,67,FALSE,1
6954634654,Bronze,19,164.05,Industrial,7/20/2023,3.9,35,4,FALSE,0
1766386482,Silver,37,327.8,Electronics,10/26/2023,1.4,118,68,FALSE,1
743415655,Platinum,49,1137.54,Beauty,11/21/2023,1.6,43,4,TRUE,0
3935263996,Gold,42,699.62,Movies,3/28/2023,4.6,97,58,TRUE,0
4026527409,Gold,27,2744.43,Computers,08/01/2023,4.9,23,90,TRUE,0
4706103657,Platinum,27,294.74,Shoes,7/27/2023,2.8,99,72,FALSE,0
1159013152,Gold,46,,Grocery,1/16/2023,3.9,120,31,FALSE,0
4068844305,Silver,20,52.53,Grocery,6/17/2023,2.8,36,3,FALSE,1
6180156557,Platinum,36,135.61,Toys,03/03/2023,,66,99,FALSE,0
5400621872,Platinum,43,2592.87,Automotive,2/19/2023,2.1,109,51,FALSE,0
4257119012,Gold,26,1127,Tools,06/04/2023,1.8,65,6,FALSE,1
7167846775,Bronze,6,2309.16,Health,06/07/2023,1.6,52,31,FALSE,0
5155308062,Bronze,25,2906.9,Books,05/12/2023,2.5,47,100,TRUE,0
259418374,Bronze,28,,Kids,02/12/2023,3.8,46,66,FALSE,0
5185298502,Platinum,15,,Music,06/12/2023,2.4,91,75,TRUE,0
578374781,Platinum,49,528.28,Home,9/20/2023,3.2,70,77,TRUE,1
538283572,Gold,48,1754.6,Beauty,8/16/2023,1.1,54,89,FALSE,1
5805650800,Silver,13,2743.16,Baby,03/12/2023,1.3,108,66,TRUE,0
1132398053,Bronze,49,2086.79,Kids,12/20/2023,4.7,72,65,TRUE,0
8544822398,Platinum,45,2018.84,Grocery,07/06/2023,3.2,48,91,TRUE,0
6894170487,Silver,14,1785.99,Home,2/22/2023,3.9,94,54,TRUE,0
4009108428,Platinum,30,1571.89,Shoes,6/30/2023,4.5,99,58,TRUE,0
3754384244,Silver,16,943.95,Automotive,11/10/2023,4.6,49,40,FALSE,0
4784070877,Silver,30,109.88,Music,11/18/2023,3.3,30,32,FALSE,0
6311759462,Silver,2,1531.1,Industrial,02/09/2023,,88,40,TRUE,1
2158815167,Bronze,15,2328.12,Clothing,7/31/2023,2.7,40,35,TRUE,0
2219632814,Bronze,10,2385.01,Shoes,7/31/2023,3.2,39,4,FALSE,0
6629071999,Bronze,33,597.41,Home,10/13/2023,1.7,93,68,FALSE,0
2815386194,Bronze,17,1121,Music,05/09/2023,1.6,102,68,FALSE,0
5853595253,Platinum,29,1629.76,Baby,11/24/2023,4.4,104,23,FALSE,1
6543567376,Gold,33,2296.87,Movies,10/29/2023,1.9,67,62,FALSE,0
5193750702,Gold,7,2149.62,Automotive,12/26/2023,1.7,22,27,FALSE,0
4824845823,Bronze,24,411.42,Home,11/18/2023,1.8,111,67,TRUE,0
8878764337,Gold,21,2254.7,Electronics,6/24/2023,1.8,84,37,FALSE,0
1486187420,Platinum,19,1070.91,Music,9/15/2023,4,111,55,FALSE,1
7900500863,Gold,45,396.94,Toys,5/16/2023,4.8,53,11,TRUE,1
7760086601,Platinum,46,682.12,Baby,12/19/2023,4.6,50,50,TRUE,0
8986726831,Silver,46,2642.28,Computers,11/04/2023,5,98,50,TRUE,0
2074803044,Gold,7,1438.34,Outdoors,4/15/2023,,90,47,TRUE,0
9465698121,Platinum,21,79.47,Movies,5/25/2023,3,6,57,TRUE,0
5897326444,Platinum,27,434.84,Home,4/27/2023,4,79,97,FALSE,0
505357577,Bronze,22,1804.72,Shoes,6/16/2023,,75,1,TRUE,1
6213317724,Bronze,6,2889.89,Shoes,05/11/2023,3.5,27,94,TRUE,1
3074649453,Silver,3,1768.81,Computers,08/10/2023,4.4,111,81,FALSE,1
8397717927,Platinum,22,897.06,Music,03/06/2023,4.6,117,91,TRUE,0
6741774394,Platinum,50,2455.59,Jewelry,11/01/2023,2.5,14,71,TRUE,1
2265692794,Bronze,36,535.63,Books,03/04/2023,2.1,18,46,FALSE,0
1925269892,Platinum,28,1100.65,Music,10/22/2023,4.6,53,40,TRUE,1
4240917123,Bronze,20,1563.39,Books,12/01/2023,1.6,23,81,FALSE,1
4896589947,Bronze,9,436.03,Electronics,12/30/2023,3.3,9,2,FALSE,0
7845494011,Silver,37,166.41,Home,6/22/2023,5,22,18,TRUE,1
6551941028,Bronze,40,1410.77,Toys,1/28/2023,3.7,43,81,TRUE,0
2221361695,Silver,38,2515.8,Home,01/06/2023,3.7,79,79,TRUE,1
93236395,Silver,12,895.36,Clothing,8/14/2023,3.4,65,42,TRUE,0
7565605921,Gold,2,,Garden,8/16/2023,2.6,61,6,FALSE,1
2109137797,Platinum,19,1393.65,Kids,7/25/2023,1,76,3,TRUE,1
9797211932,Silver,41,2986.02,Books,3/14/2023,2.2,105,58,TRUE,1
95127968,Gold,28,67.91,Computers,10/04/2023,4.5,7,48,TRUE,1
218932871,Platinum,4,54.78,Shoes,03/06/2023,1.4,67,6,TRUE,1
854829903,Silver,11,2043.43,Beauty,07/05/2023,4.1,100,70,FALSE,1
9169474095,Bronze,2,2365.41,Outdoors,11/26/2023,4.8,8,89,FALSE,1
9811848971,Bronze,24,,Outdoors,03/11/2023,2.2,74,69,TRUE,0
7057107390,Bronze,24,2342.36,Grocery,7/29/2023,3,92,100,TRUE,1
327360,Bronze,46,1250.32,Jewelry,09/07/2023,4.4,41,18,TRUE,1
3767553244,Gold,2,2967.81,Books,3/20/2023,3.8,114,11,FALSE,1
539490954,Platinum,16,2658.56,Games,3/31/2023,1.5,76,13,TRUE,1
1251647154,Gold,30,161,Outdoors,6/21/2023,1.4,90,48,TRUE,1
8294457213,Platinum,8,1934.13,Garden,1/26/2023,4.6,10,96,TRUE,0
5359314737,Silver,26,,Clothing,10/25/2023,3.4,100,23,FALSE,1
3586980922,Silver,44,1052.39,Shoes,12/23/2023,2.5,20,22,FALSE,1
9668850106,Silver,24,1306.74,Grocery,12/22/2023,,26,20,FALSE,1
6336656586,Silver,43,981.02,Grocery,12/22/2023,1.6,11,89,TRUE,0
3832151303,Bronze,24,1342.95,Books,8/31/2023,3.7,38,26,TRUE,0
9673427666,Platinum,20,2342.57,Games,01/11/2023,1.8,52,7,TRUE,1
2789849900,Bronze,23,,Books,7/14/2023,3,67,29,FALSE,0
8141623680,Bronze,2,1795.97,Shoes,4/22/2023,2.2,30,48,FALSE,1
1234497735,Platinum,43,,Shoes,2/28/2023,,47,53,TRUE,1
8868625350,Gold,42,2396.76,Health,10/10/2023,2.6,25,10,TRUE,0
5637836132,Silver,20,2996.3,Electronics,09/10/2023,4.4,20,58,TRUE,1
8634218554,Silver,8,1523.25,Sports,03/05/2023,4.1,79,88,TRUE,1
7506202409,Bronze,45,238.13,Garden,2/14/2023,3,66,73,TRUE,1
2880110289,Bronze,24,2421.65,Industrial,05/05/2023,,69,29,TRUE,1
3310545830,Platinum,40,2709.14,Shoes,01/02/2023,2.7,114,80,TRUE,1
1729568998,Platinum,29,1964.43,Games,11/24/2023,3.3,110,71,TRUE,0
8457101110,Bronze,11,1414.13,Sports,02/11/2023,,34,70,TRUE,1
9101946374,Gold,31,2197.33,Clothing,2/15/2023,3.4,118,71,FALSE,0
8326888478,Platinum,39,768.38,Baby,01/12/2023,1.8,71,24,FALSE,1
220662770,Gold,43,1679.24,Music,4/15/2023,2.7,101,55,FALSE,0
3505650137,Bronze,15,2257.97,Games,2/24/2023,4.9,96,11,FALSE,1
3230022300,Platinum,28,987.05,Shoes,9/18/2023,3.2,35,84,FALSE,0
5509285273,Platinum,22,,Toys,1/20/2023,,79,14,TRUE,0
1067189025,Gold,40,202.24,Kids,6/19/2023,,119,10,FALSE,0
638826969,Silver,27,1515.65,Garden,04/11/2023,,97,39,TRUE,0
4352654140,Gold,19,1822.62,Home,1/22/2023,4.1,59,61,TRUE,0
2438559845,Platinum,35,720.54,Industrial,5/17/2023,1.8,15,31,FALSE,0
5929694427,Gold,13,62.86,Beauty,5/22/2023,1.4,67,10,TRUE,1
1833433106,Silver,29,1002.29,Kids,7/21/2023,3.1,23,19,TRUE,0
5455091980,Bronze,26,231.21,Games,8/25/2023,,107,21,FALSE,1
618097368,Bronze,33,2724.31,Health,12/03/2023,1.1,17,26,TRUE,0
5138362151,Platinum,22,2215.71,Garden,9/20/2023,1.6,46,76,FALSE,1
4075312682,Gold,32,355.96,Beauty,01/08/2023,3.4,59,32,TRUE,0
273245503,Gold,47,1720.76,Baby,02/04/2023,2,79,94,TRUE,1
8850299826,Bronze,10,1378.19,Health,10/24/2023,2.9,84,63,FALSE,1
8769030901,Bronze,22,1822.54,Shoes,06/12/2023,1.9,89,89,FALSE,1
9752949088,Bronze,49,2180.02,Automotive,3/15/2023,2.2,96,78,FALSE,1
1127370685,Gold,21,95.26,Music,5/28/2023,4.3,56,35,FALSE,0
7805808619,Gold,18,,Outdoors,12/21/2023,1.9,63,45,FALSE,0
6941492309,Silver,36,2180.5,Kids,9/14/2023,,34,15,TRUE,0
5621251830,Gold,5,2773.42,Games,3/25/2023,2.1,88,75,TRUE,1
8599184474,Platinum,41,1157.11,Computers,12/15/2023,3.4,79,18,TRUE,0
4927076520,Gold,47,1944.36,Home,8/17/2023,3.9,99,47,TRUE,1
5808903955,Gold,45,1325.19,Movies,6/25/2023,2.6,6,40,TRUE,1
1043379282,Gold,13,801.26,Grocery,12/01/2023,2.4,36,5,TRUE,1
2756851078,Gold,13,1877,Clothing,1/30/2023,4.3,53,50,TRUE,1
2672583188,Silver,4,996.07,Computers,12/02/2023,,108,81,TRUE,1
3644346828,Gold,15,2213.14,Clothing,5/22/2023,1.3,81,12,FALSE,1
2044937700,Silver,36,2622.28,Garden,11/24/2023,3.3,84,16,TRUE,0
1966557175,Gold,27,2684.87,Beauty,4/29/2023,,18,21,FALSE,0
4064805178,Platinum,35,1973.84,Jewelry,7/14/2023,3.7,23,37,TRUE,1
9681989511,Gold,15,525.44,Shoes,03/04/2023,1.6,78,29,FALSE,0
310784697,Bronze,11,552.26,Automotive,11/01/2023,1,81,44,TRUE,1
9866030806,Silver,4,326.59,Movies,02/04/2023,2.3,114,13,FALSE,1
2332727310,Bronze,29,2319.24,Kids,03/07/2023,2,45,84,FALSE,1
9450236267,Bronze,47,93.04,Automotive,6/14/2023,2.7,15,44,TRUE,1
3184745694,Silver,31,1112.05,Jewelry,6/22/2023,,56,76,FALSE,1
4943752837,Bronze,45,264.71,Automotive,3/29/2023,1.5,60,58,TRUE,0
956848419,Bronze,8,911.25,Shoes,10/30/2023,2.7,43,3,TRUE,0
218228368,Bronze,19,486.64,Automotive,12/04/2023,1.1,19,61,FALSE,0
5458089154,Bronze,3,,Movies,08/12/2023,3,44,37,TRUE,1
2180397089,Bronze,2,331.06,Baby,07/12/2023,1.1,94,54,FALSE,0
7364080708,Bronze,38,2673.25,Health,6/22/2023,4.5,75,93,FALSE,0
5701479536,Bronze,17,1054.65,Games,9/25/2023,1.8,24,46,TRUE,1
2728640351,Gold,37,2289.08,Outdoors,7/19/2023,,92,4,TRUE,0
6029676628,Bronze,13,1282.53,Movies,06/03/2023,,107,15,TRUE,1
2143392532,Platinum,43,1804.75,Automotive,7/22/2023,3.2,95,44,TRUE,0
1969578793,Silver,28,640.66,Clothing,1/18/2023,1.5,115,18,FALSE,1
410390224,Gold,46,886.76,Outdoors,7/19/2023,4.7,39,29,TRUE,1
615327338,Platinum,42,1005.51,Health,5/26/2023,2.7,95,7,FALSE,0
8083479500,Silver,46,1594.6,Music,8/16/2023,1,105,57,TRUE,0
2564207243,Bronze,39,761.85,Jewelry,03/02/2023,1.4,64,18,FALSE,1
8205159904,Bronze,32,1241.58,Health,2/28/2023,3.7,8,45,TRUE,1
6710417476,Gold,48,2985.74,Electronics,03/11/2023,4.7,24,40,TRUE,1
7871531417,Gold,37,559.44,Beauty,11/21/2023,1.4,26,85,TRUE,0
7348455115,Bronze,18,1584.36,Sports,12/20/2023,4.1,24,37,TRUE,1
1906921601,Platinum,1,855.45,Industrial,08/10/2023,4.5,30,28,FALSE,0
1733603662,Silver,4,2954.9,Automotive,01/06/2023,1.5,17,47,FALSE,0
9427070056,Silver,39,2485.83,Grocery,03/11/2023,2.9,85,9,FALSE,0
1928867251,Gold,9,1039.6,Health,7/17/2023,3.4,107,59,FALSE,1
2016047399,Bronze,36,1445.05,Beauty,07/08/2023,3.4,52,100,TRUE,1
9225343167,Platinum,5,2286.48,Jewelry,9/22/2023,2.4,18,44,FALSE,0
9679811514,Silver,45,2622.97,Computers,10/11/2023,1.2,6,23,FALSE,0
8116465279,Gold,31,2811.05,Health,01/02/2023,4.6,49,43,TRUE,0
3603984501,Platinum,19,1593.74,Shoes,2/24/2023,4.7,10,83,TRUE,0
9792128921,Gold,18,572.95,Baby,07/03/2023,,64,67,TRUE,1
1297552458,Platinum,49,733.14,Beauty,6/17/2023,3.8,51,73,TRUE,1
8561151153,Platinum,19,,Electronics,7/14/2023,1.9,91,86,FALSE,0
3741779083,Silver,23,39.01,Grocery,3/24/2023,2.5,23,23,FALSE,1
3395017346,Gold,32,2397.57,Tools,4/24/2023,3.4,116,31,TRUE,1
7329577103,Bronze,40,833.96,Movies,01/11/2023,1.4,74,85,TRUE,1
3501670788,Silver,48,401.19,Books,07/01/2023,3,26,96,TRUE,1
6225452060,Bronze,33,2824.84,Home,6/16/2023,2.4,59,40,TRUE,1
1112553703,Bronze,4,2313.86,Garden,11/17/2023,3.1,103,14,TRUE,0
7125819230,Platinum,48,2906.09,Shoes,3/24/2023,4.8,25,72,TRUE,0
1540991970,Gold,36,308.02,Books,02/02/2023,3,103,10,TRUE,0
8710068317,Silver,5,1652.94,Automotive,06/05/2023,4.4,92,46,TRUE,1
1452178690,Gold,48,466.03,Music,3/15/2023,4.8,110,19,FALSE,0
9413975140,Platinum,40,249.28,Sports,5/28/2023,3.3,59,92,TRUE,0
7032929605,Bronze,18,1422.29,Electronics,06/08/2023,1.6,103,10,TRUE,0
8229304041,Gold,11,467.54,Jewelry,7/16/2023,,37,88,FALSE,0
6981958856,Gold,27,645.65,Kids,6/20/2023,2.4,55,15,FALSE,1
586671935,Platinum,8,1501.66,Music,12/30/2023,2.9,86,39,FALSE,0
3185961439,Silver,6,979.4,Beauty,6/23/2023,3.9,12,94,TRUE,0
8942927114,Gold,34,,Home,09/12/2023,4.3,27,73,FALSE,1
2733270095,Silver,50,2101.64,Baby,12/30/2023,3,6,98,TRUE,1
1907301887,Silver,8,401.08,Kids,11/17/2023,4.3,13,49,FALSE,0
4745975171,Gold,37,1891.77,Health,9/24/2023,4,27,71,TRUE,0
3607057397,Gold,42,825.62,Kids,07/01/2023,4.4,43,24,TRUE,1
2922640906,Bronze,7,575.36,Garden,03/07/2023,4.4,14,29,TRUE,0
6502326153,Bronze,4,567.01,Automotive,08/11/2023,3.7,69,55,TRUE,0
2349576248,Gold,7,1306.9,Sports,12/06/2023,3,100,59,TRUE,0
4541993694,Bronze,46,309.82,Industrial,9/27/2023,1.1,25,92,FALSE,0
53850513,Bronze,25,,Outdoors,1/15/2023,2.5,53,91,TRUE,1
9865367009,Silver,29,1086.15,Automotive,5/18/2023,3.7,73,11,FALSE,1
6150588580,Silver,9,1091.12,Clothing,07/08/2023,3.3,27,13,FALSE,1
5676579722,Silver,31,1437.73,Health,10/19/2023,2.4,85,3,TRUE,1
8332792231,Bronze,16,2253.22,Outdoors,9/18/2023,2.4,103,20,FALSE,1
1426906706,Gold,21,1782.01,Beauty,6/18/2023,2.5,52,50,TRUE,0
9732487968,Bronze,15,,Tools,08/09/2023,3.8,24,87,FALSE,0
1590506626,Gold,21,2767.15,Sports,9/14/2023,1.5,106,91,FALSE,0
2228372277,Gold,29,1111.54,Outdoors,6/15/2023,1.8,112,60,TRUE,0
3762201161,Bronze,48,2787.03,Health,11/15/2023,4.5,72,99,TRUE,1
9979001585,Gold,42,,Games,6/21/2023,1.3,48,71,FALSE,1
1371649855,Gold,3,1526.22,Outdoors,06/08/2023,2,71,23,TRUE,1
1609960432,Silver,34,2784.08,Shoes,11/02/2023,2.1,49,95,FALSE,1
6861163392,Silver,15,1739.54,Movies,1/30/2023,3.6,100,95,FALSE,1
2230671618,Bronze,7,753.36,Movies,11/29/2023,4.2,108,40,TRUE,0
6870240175,Gold,34,1250.78,Automotive,5/26/2023,1.2,91,98,TRUE,1
9678642581,Gold,39,2027.02,Home,07/11/2023,2.1,71,50,TRUE,0
2561059499,Bronze,45,553.75,Computers,1/31/2023,4.5,8,76,FALSE,1
1987231198,Platinum,50,1557.01,Games,05/11/2023,4.6,86,5,FALSE,1
8616848460,Gold,14,1977.49,Outdoors,01/08/2023,2.6,60,55,FALSE,1
3563733791,Bronze,18,1533.14,Health,9/28/2023,2.3,47,66,TRUE,1
433927879,Gold,22,1246.22,Beauty,10/02/2023,3.3,21,60,TRUE,0
2966691964,Bronze,27,1161.47,Baby,12/27/2023,2.7,11,94,FALSE,0
6481780918,Platinum,37,2532.96,Clothing,2/26/2023,3.7,81,92,FALSE,1
9280060686,Gold,12,916.33,Jewelry,12/21/2023,3.7,73,47,TRUE,1
1576050610,Bronze,17,537.61,Jewelry,10/22/2023,1.6,118,8,TRUE,0
9769418137,Silver,22,,Tools,2/21/2023,4.2,40,70,TRUE,1
7241794400,Silver,30,1579.08,Toys,7/23/2023,4.5,30,52,TRUE,1
5001992850,Platinum,17,2160.94,Books,11/05/2023,3.5,26,57,TRUE,1
7224286281,Gold,47,389.17,Movies,6/19/2023,4.5,19,61,TRUE,0
2940592233,Platinum,8,721.7,Jewelry,01/05/2023,2.1,67,78,FALSE,1
6263260661,Bronze,48,1910.46,Baby,09/10/2023,1.7,47,51,TRUE,0
5576266315,Platinum,21,177.07,Beauty,10/02/2023,2.9,35,7,TRUE,0
6926261741,Bronze,49,2841.45,Computers,01/02/2023,1,57,34,TRUE,0
1893565688,Bronze,37,,Sports,7/24/2023,1.8,54,16,FALSE,0
1693706040,Silver,50,2294.26,Music,09/01/2023,2,35,8,TRUE,1
8590669475,Gold,8,2731.15,Books,8/30/2023,1.5,95,99,FALSE,1
4936274283,Platinum,16,1956.67,Books,02/11/2023,1.4,34,33,TRUE,1
1571120998,Silver,45,2624.16,Movies,7/17/2023,1,27,13,FALSE,1
4802223234,Bronze,21,2741.42,Grocery,11/07/2023,2.7,6,3,FALSE,0
1416189246,Gold,5,823.04,Electronics,10/26/2023,1,82,21,TRUE,1
6809193677,Platinum,26,2591.81,Music,12/23/2023,2.2,72,83,TRUE,1
8494174568,Platinum,41,405.54,Sports,10/13/2023,1.5,110,71,TRUE,0
8290694385,Gold,36,486.67,Automotive,09/07/2023,4.9,66,42,TRUE,0
7306452290,Platinum,13,1294.52,Sports,6/22/2023,3.6,9,5,FALSE,1
9746687859,Silver,47,1619.81,Shoes,1/20/2023,1.2,86,78,TRUE,0
4749929573,Gold,34,293.23,Automotive,8/25/2023,2.1,30,4,FALSE,0
6418629922,Gold,7,2170.04,Movies,3/17/2023,2.4,76,44,FALSE,1
2163531163,Bronze,10,645.08,Music,04/08/2023,,10,12,TRUE,0
1692374478,Bronze,37,278.98,Garden,06/03/2023,4.8,87,40,FALSE,1
9984389243,Gold,21,1651.37,Garden,11/30/2023,2.2,62,43,FALSE,0
5109316112,Platinum,19,1546.27,Movies,2/26/2023,2,93,14,TRUE,0
9930430822,Bronze,3,876.63,Kids,12/17/2023,,84,7,TRUE,0
2130584829,Platinum,11,632.81,Tools,2/19/2023,1.2,102,24,TRUE,1
9318550294,Bronze,46,1274.63,Automotive,06/06/2023,4.1,90,24,FALSE,1
4765382060,Silver,7,1517.32,Electronics,5/17/2023,2.1,88,96,FALSE,0
3224673400,Silver,35,1332.96,Health,10/27/2023,4.1,63,50,FALSE,0
9217456977,Bronze,30,1914.55,Movies,12/01/2023,2.7,17,35,TRUE,0
5696077064,Silver,35,1575.31,Health,1/19/2023,2.3,71,3,TRUE,1
8646371220,Gold,37,1590.7,Automotive,12/29/2023,1.3,15,34,TRUE,0
3166482792,Silver,26,1498.5,Computers,03/08/2023,2.6,62,16,FALSE,0
4866467010,Bronze,16,2286.88,Games,7/17/2023,4.9,44,80,TRUE,1
2573503992,Gold,26,786.91,Electronics,03/06/2023,4.8,23,86,TRUE,0
281354715,Platinum,46,1408.35,Games,03/12/2023,2.6,67,25,TRUE,0
429180748,Silver,18,537.15,Books,2/19/2023,3.3,108,24,TRUE,0
9673706387,Silver,32,2581.19,Computers,6/29/2023,4.5,5,61,FALSE,0
8888427708,Platinum,16,1627.43,Games,1/27/2023,,28,85,TRUE,0
9556623981,Silver,22,1891.57,Home,03/04/2023,1.8,6,18,FALSE,0
843039752,Gold,26,2447.96,Grocery,06/11/2023,3.1,116,27,FALSE,0
9504056326,Platinum,3,1831.56,Jewelry,12/10/2023,2.5,10,30,TRUE,0
1334354154,Gold,31,1568.16,Garden,03/09/2023,3.4,7,43,FALSE,1
8540254719,Platinum,15,1309.68,Home,11/21/2023,2.5,72,9,TRUE,0
5440399771,Silver,12,363.5,Baby,03/03/2023,3.5,73,78,TRUE,0
1586322877,Platinum,41,1651.39,Music,05/04/2023,4.1,63,58,TRUE,0
359839878,Platinum,41,2023.8,Beauty,8/21/2023,2.7,29,23,TRUE,1
8732127316,Platinum,40,1119.64,Grocery,5/17/2023,4.7,7,34,TRUE,1
5612213859,Platinum,48,368.48,Sports,3/16/2023,2.1,48,6,TRUE,1
1893498212,Gold,22,46.51,Movies,06/11/2023,3.2,36,52,TRUE,0
8676490368,Silver,19,1391.48,Grocery,08/05/2023,1.8,12,42,TRUE,0
2008628825,Bronze,22,1964.26,Electronics,4/15/2023,2.9,28,12,TRUE,0
9754387370,Silver,27,,Music,09/05/2023,3.1,70,30,TRUE,1
1369860633,Platinum,1,2528.42,Garden,4/21/2023,1.7,6,9,TRUE,1
5634242517,Gold,4,1640.38,Grocery,07/08/2023,4.4,39,38,FALSE,0
5529928498,Platinum,32,1187.15,Games,7/20/2023,2.4,74,71,FALSE,1
7785849587,Gold,12,1071.84,Clothing,7/24/2023,2.7,79,15,FALSE,1
8397582886,Silver,24,1882.16,Outdoors,06/06/2023,4.2,115,77,FALSE,1
9557066172,Platinum,1,1393.21,Jewelry,8/20/2023,4.5,104,69,FALSE,0
2069596575,Bronze,5,1563.2,Kids,5/31/2023,3,103,15,TRUE,1
3411499273,Bronze,15,1998.15,Baby,01/08/2023,3.4,112,72,FALSE,0
2482494834,Platinum,46,2764.94,Electronics,03/12/2023,3.9,68,69,TRUE,0
7294043078,Platinum,4,575.53,Baby,03/02/2023,4,107,8,FALSE,0
2388044146,Platinum,32,339.08,Kids,9/13/2023,4.8,116,49,TRUE,1
18645569,Silver,17,213.5,Sports,3/16/2023,2.3,28,95,TRUE,0
4461597571,Bronze,28,937.45,Industrial,11/01/2023,1.3,6,73,FALSE,1
472262386,Bronze,16,1733.09,Industrial,4/24/2023,2,11,74,TRUE,1
4969708932,Bronze,26,786.61,Garden,09/08/2023,4.2,32,59,FALSE,0
4790197824,Bronze,18,1399.07,Health,10/22/2023,3.2,90,59,TRUE,0
4015044924,Bronze,26,482.47,Electronics,8/31/2023,1.4,8,70,FALSE,1
8317168557,Gold,40,680.73,Health,5/24/2023,1.6,97,71,FALSE,1
6493704693,Platinum,3,2063.81,Baby,3/26/2023,2.6,66,91,TRUE,1
6135784579,Bronze,47,319.88,Tools,08/03/2023,4.8,49,86,FALSE,1
7055310202,Gold,36,80.35,Electronics,08/03/2023,1.2,12,69,TRUE,0
2249231702,Platinum,9,1679.2,Toys,11/21/2023,,65,1,FALSE,0
221421203,Bronze,17,2343.6,Home,6/26/2023,4.6,13,91,TRUE,1
3146465558,Platinum,43,1872.55,Kids,4/19/2023,4.4,43,8,FALSE,1
9636748675,Gold,23,98.91,Electronics,8/27/2023,3.4,57,76,FALSE,1
6241979159,Bronze,15,980.28,Home,01/01/2023,3.8,86,5,FALSE,0
615049915,Silver,20,832.73,Kids,10/15/2023,4.4,19,27,TRUE,1
6652601028,Platinum,27,2346.44,Toys,03/03/2023,3.1,29,26,TRUE,1
5384047909,Gold,8,1358.33,Garden,5/20/2023,4,65,51,FALSE,0
9920386561,Platinum,26,693.95,Kids,09/01/2023,1.5,11,99,FALSE,0
8990938651,Platinum,32,1897.12,Jewelry,03/07/2023,4.4,29,7,TRUE,1
9500537435,Platinum,44,,Baby,9/29/2023,3,106,5,TRUE,0
5266376295,Silver,6,2961.48,Electronics,10/10/2023,4.5,61,80,TRUE,0
4764251922,Bronze,28,1161.47,Shoes,01/08/2023,5,91,47,FALSE,1
4921038856,Bronze,11,,Sports,6/28/2023,1.9,89,2,TRUE,0
1976514770,Silver,35,,Books,11/16/2023,2.4,9,99,FALSE,0
914221558,Silver,8,178.01,Toys,03/06/2023,4.2,55,29,FALSE,1
4962766201,Gold,45,685.54,Shoes,08/11/2023,4.7,84,11,FALSE,0
2305517327,Bronze,6,2488.47,Grocery,5/22/2023,2.8,47,96,TRUE,1
3446065326,Bronze,45,1328.66,Toys,2/17/2023,2.9,79,6,FALSE,0
8560755713,Silver,26,1978.76,Movies,4/23/2023,2,11,61,TRUE,1
246150238,Platinum,2,1061.41,Shoes,4/18/2023,1.5,37,55,TRUE,1
4324599807,Gold,38,998.24,Baby,08/11/2023,3.1,72,37,FALSE,0
6851696851,Silver,33,1367.95,Kids,07/09/2023,4,17,37,FALSE,1
5449054114,Bronze,22,2696.4,Baby,11/19/2023,2.8,49,89,TRUE,0
785140360,Silver,46,1902.09,Kids,3/31/2023,3.9,109,64,TRUE,1
7567734796,Silver,19,1948.17,Clothing,6/27/2023,3.1,102,62,FALSE,0
8319295807,Platinum,28,754.59,Automotive,5/20/2023,,109,85,TRUE,1
7530448242,Bronze,20,145.69,Games,6/17/2023,3.3,75,74,TRUE,1
617066817,Platinum,33,967.79,Sports,11/05/2023,1.6,41,42,TRUE,1
946065802,Bronze,7,497.41,Kids,4/20/2023,1.4,22,59,FALSE,1
6436882839,Bronze,41,2591.42,Tools,12/19/2023,3.7,119,13,FALSE,0
7590132225,Gold,44,1888.62,Clothing,01/09/2023,1.1,95,70,FALSE,1
6015018968,Platinum,16,973.21,Movies,07/03/2023,4,43,86,FALSE,0
1954107684,Bronze,34,1305.25,Baby,11/24/2023,3.7,119,59,TRUE,1
5838820861,Platinum,49,504.4,Baby,2/21/2023,3.8,94,24,FALSE,0
695962728,Bronze,7,1518.11,Kids,7/20/2023,,56,3,FALSE,0
4134764793,Bronze,46,2819.21,Beauty,12/30/2023,2.4,28,21,TRUE,0
3913342257,Silver,49,1328.9,Toys,2/21/2023,2.4,25,37,FALSE,1
5650910243,Silver,18,598.38,Industrial,02/01/2023,4.7,20,44,TRUE,1
874152305,Silver,10,551.83,Music,3/26/2023,3.7,58,97,TRUE,1
3206998387,Gold,3,1367.37,Outdoors,11/21/2023,4.1,32,77,FALSE,0
1965456235,Bronze,25,259.18,Shoes,5/16/2023,3,84,42,FALSE,0
1040590314,Platinum,6,532.73,Books,8/23/2023,1.5,67,26,FALSE,0
1292723777,Gold,13,1187.42,Home,02/09/2023,2.6,66,25,FALSE,1
9169032947,Platinum,15,381.96,Kids,09/11/2023,1.6,68,52,TRUE,0
3158382687,Silver,17,1217.59,Beauty,1/25/2023,3.8,31,90,TRUE,0
1566170737,Platinum,12,1355.41,Shoes,01/12/2023,4.2,87,16,TRUE,0
6657507941,Bronze,34,1776.87,Movies,12/11/2023,4.3,20,32,FALSE,1
3525984820,Gold,33,368.49,Garden,07/03/2023,3,99,78,TRUE,1
759601496,Platinum,45,2351.14,Movies,7/13/2023,2.5,15,93,TRUE,1
2706552077,Bronze,19,716.63,Outdoors,10/20/2023,,73,3,TRUE,1
9076730539,Silver,24,597.93,Clothing,3/21/2023,3.1,39,43,TRUE,0
7773342040,Gold,17,1173.47,Tools,08/08/2023,4.7,34,16,FALSE,1
9200870473,Silver,34,2934.32,Computers,1/22/2023,1.7,22,78,FALSE,0
6194845791,Bronze,17,707.07,Kids,06/12/2023,3,113,35,TRUE,0
4900329606,Gold,8,1853.49,Books,04/02/2023,,6,68,TRUE,0
3179467894,Platinum,5,2785.63,Sports,5/24/2023,2.8,105,27,FALSE,1
6854685354,Platinum,28,1129.64,Shoes,06/09/2023,4.7,15,99,FALSE,0
6470522831,Bronze,2,269.68,Electronics,12/14/2023,2.7,93,63,FALSE,0
7488947827,Silver,28,,Tools,8/13/2023,1.5,7,5,TRUE,1
5404190876,Silver,34,453.76,Baby,1/20/2023,2,19,33,FALSE,1
1383862826,Silver,36,863.27,Books,11/24/2023,4.7,46,23,FALSE,1
2297421826,Platinum,33,315.37,Outdoors,12/08/2023,3.6,111,98,FALSE,0
6801570234,Silver,48,1425.32,Clothing,07/11/2023,3,44,85,FALSE,1
66081572,Silver,18,333.7,Tools,04/11/2023,3.3,5,46,TRUE,1
4318604071,Platinum,26,2677.54,Computers,8/31/2023,3.8,36,63,TRUE,1
6287130873,Silver,41,628.33,Sports,09/12/2023,2.3,9,51,FALSE,1
287362493,Platinum,25,1518.12,Automotive,12/25/2023,2.2,90,77,TRUE,1
3814384768,Platinum,50,1318.04,Toys,04/03/2023,3.6,6,68,FALSE,0
7512289170,Silver,41,,Music,3/13/2023,1.1,45,39,TRUE,0
4863082878,Bronze,37,2354.92,Beauty,02/07/2023,4.3,90,23,FALSE,0
7700871574,Gold,13,990.23,Automotive,10/29/2023,3,108,18,FALSE,0
7108269597,Platinum,35,965.41,Electronics,3/29/2023,4.5,117,87,FALSE,1
8810671740,Bronze,5,2295.46,Home,03/03/2023,2.2,92,75,FALSE,1
6966245275,Gold,21,2137.87,Beauty,5/27/2023,4.4,46,15,FALSE,1
6871589112,Platinum,23,2779.39,Grocery,9/27/2023,1,86,47,TRUE,0
9386044455,Platinum,4,2890.67,Games,06/10/2023,3,32,91,FALSE,1
5270847094,Silver,10,446.52,Games,12/25/2023,1.6,70,8,TRUE,1
8958407859,Gold,31,731.32,Sports,03/01/2023,2.4,51,11,TRUE,0
9455773066,Silver,40,1656.4,Books,7/18/2023,1,9,98,FALSE,0
6928967005,Silver,27,2828.26,Baby,9/20/2023,3.2,93,65,TRUE,0
3290112039,Gold,4,1651.95,Games,7/14/2023,3,79,52,FALSE,0
9610616410,Gold,3,1131.17,Grocery,4/29/2023,2.7,44,89,TRUE,1
4972033126,Bronze,15,1764.46,Baby,10/24/2023,,14,64,FALSE,0
4447820714,Silver,16,409.23,Books,1/16/2023,3.5,67,99,TRUE,1
9486837708,Silver,42,,Games,05/02/2023,3.3,49,39,FALSE,1
324787383,Silver,32,1605.29,Movies,06/02/2023,4.9,118,73,FALSE,1
7465700604,Gold,33,2715.52,Baby,4/18/2023,2.9,62,97,FALSE,1
7809021753,Platinum,35,1864.2,Books,05/07/2023,3.4,15,53,TRUE,1
2137783533,Gold,31,1131.53,Health,04/05/2023,1.3,69,86,FALSE,1
1569089434,Bronze,41,971.5,Books,6/19/2023,3.6,118,71,TRUE,1
130790079,Bronze,44,1084.93,Movies,10/01/2023,2.3,60,52,FALSE,1
6969813045,Bronze,17,95.68,Tools,8/30/2023,4,94,60,TRUE,1
5296494288,Bronze,43,1346.54,Automotive,11/01/2023,,34,35,TRUE,0
2129533205,Bronze,33,695.23,Grocery,3/30/2023,4,108,35,TRUE,1
976849283,Bronze,32,332.57,Games,6/27/2023,3.3,74,87,TRUE,1
4053448425,Gold,36,2040.98,Books,06/08/2023,,64,25,TRUE,1
4830060107,Gold,38,1441.58,Computers,8/18/2023,2.4,42,2,FALSE,1
1887379290,Bronze,16,1808.44,Books,12/25/2023,3.6,98,58,TRUE,0
2381460527,Platinum,48,2148.82,Jewelry,8/31/2023,1.7,17,97,FALSE,0
4759118845,Gold,35,2567.94,Outdoors,1/19/2023,,12,90,FALSE,1
4230659946,Bronze,33,2634.82,Garden,08/02/2023,2.1,51,94,TRUE,1
9992419180,Platinum,10,794.07,Books,04/07/2023,2.1,56,25,FALSE,1
19467877,Gold,20,2319,Games,08/10/2023,3.8,111,78,TRUE,1
4309408753,Gold,1,2124.74,Movies,3/20/2023,4,50,12,FALSE,1
3040690620,Bronze,40,670.37,Garden,1/22/2023,,80,65,FALSE,0
1016422806,Bronze,44,777.93,Garden,1/22/2023,2.3,77,16,TRUE,0
3395228657,Platinum,22,283.82,Music,9/23/2023,4.4,99,66,FALSE,1
1446122727,Platinum,19,1113.07,Kids,11/24/2023,4.2,36,52,FALSE,0
6752337462,Bronze,18,865.92,Beauty,07/07/2023,3.5,45,44,FALSE,0
2633744834,Gold,22,1909.93,Health,4/23/2023,4.5,18,43,FALSE,1
560382561,Platinum,2,2523.08,Jewelry,3/18/2023,2.2,71,57,TRUE,1
6883741127,Gold,1,158.45,Home,5/21/2023,3.8,30,71,TRUE,0
3659865028,Bronze,1,635.31,Electronics,9/18/2023,3.8,80,4,FALSE,1
5483205545,Platinum,27,1470.75,Garden,8/22/2023,4.6,26,57,TRUE,0
573989753,Gold,28,1581.59,Outdoors,6/27/2023,3.9,49,100,TRUE,1
5508180591,Platinum,2,1998.62,Computers,9/17/2023,3.5,70,1,FALSE,1
9667091686,Gold,46,622.44,Shoes,11/02/2023,2.7,82,71,TRUE,1
8133801826,Silver,10,1526.14,Health,1/19/2023,3.6,70,4,FALSE,0
8427023294,Bronze,46,611.69,Health,04/12/2023,4.5,73,42,FALSE,1
7122367444,Bronze,18,675.39,Home,7/17/2023,2.7,51,21,TRUE,0
942001826,Gold,48,551.97,Movies,1/19/2023,,89,50,FALSE,0
689996942,Platinum,17,2033.17,Books,10/01/2023,2.5,80,7,TRUE,1
3178450998,Platinum,40,1896.1,Baby,7/28/2023,1.3,43,39,FALSE,0
622077538,Silver,29,227.07,Home,11/08/2023,1.2,46,49,TRUE,0
9336105051,Platinum,49,2010.73,Home,12/03/2023,2.6,29,91,FALSE,1
1852527811,Platinum,50,,Movies,7/15/2023,2.1,41,73,FALSE,0
6280013812,Platinum,22,731.46,Baby,06/04/2023,4.2,118,45,TRUE,1
5164448114,Gold,26,2960.84,Home,5/16/2023,4.8,79,99,FALSE,0
4597803203,Platinum,28,1800.55,Books,07/02/2023,1.6,13,9,TRUE,0
7949275219,Bronze,9,1585.29,Music,11/02/2023,,67,83,TRUE,0
6812944394,Gold,10,138.56,Shoes,01/04/2023,1.3,99,42,TRUE,0
2842163249,Platinum,44,293.96,Beauty,10/25/2023,2.9,68,41,FALSE,1
8418000392,Silver,4,2439.66,Shoes,1/16/2023,1.7,100,60,FALSE,1
7542728679,Bronze,25,830.47,Home,11/16/2023,,98,68,FALSE,1
5002903533,Bronze,41,1570.42,Kids,9/22/2023,2.9,87,45,TRUE,1
389645214,Bronze,49,1441.58,Computers,10/04/2023,3.5,42,86,FALSE,0
2698298472,Platinum,43,1831.23,Outdoors,3/22/2023,4.8,28,42,FALSE,1
2026070776,Gold,49,1981.22,Clothing,03/09/2023,4.2,44,49,FALSE,0
5241909583,Bronze,25,1296.4,Health,9/19/2023,4.5,39,76,TRUE,0
9967889004,Bronze,23,,Computers,06/11/2023,2.3,81,17,FALSE,1
1384097937,Silver,12,344.26,Computers,03/12/2023,1.7,20,89,FALSE,1
173495583,Gold,18,2744.53,Shoes,8/15/2023,3.2,54,17,TRUE,0
2393896414,Platinum,37,362.34,Jewelry,11/11/2023,2.9,54,70,TRUE,0
1357116047,Gold,7,,Electronics,01/01/2023,3.3,51,21,TRUE,1
8742384389,Bronze,30,657.95,Outdoors,07/11/2023,1.2,107,25,FALSE,0
7942388603,Platinum,15,2986.51,Electronics,10/12/2023,4.2,29,35,FALSE,1
5059333477,Gold,18,526.45,Beauty,10/11/2023,2.6,96,29,FALSE,1
8014757998,Bronze,24,1976.5,Electronics,8/28/2023,1.2,96,63,FALSE,0
318874555,Bronze,49,1189.31,Shoes,01/03/2023,,108,82,FALSE,1
2704243115,Gold,15,2870.73,Automotive,7/21/2023,5,108,83,TRUE,1
6965842687,Bronze,28,1994.33,Music,09/08/2023,2.9,25,9,TRUE,1
2579918272,Bronze,33,2579.8,Books,3/22/2023,3.5,11,93,TRUE,1
3786388938,Gold,47,1379.05,Books,12/11/2023,4.2,5,58,FALSE,0
884909751,Gold,9,2175.09,Health,08/08/2023,4.4,69,13,TRUE,1
3124679245,Bronze,50,2897.69,Grocery,9/18/2023,4.9,109,90,TRUE,0
8251223830,Silver,4,1166.43,Games,03/05/2023,,57,66,FALSE,1
6247513356,Bronze,45,1858.42,Clothing,7/26/2023,2.7,96,75,FALSE,1
164243534,Gold,21,1568.46,Outdoors,4/14/2023,2.9,102,81,TRUE,1
5326110407,Gold,37,1051.68,Electronics,7/20/2023,,64,91,TRUE,1
2455777308,Bronze,11,1202.37,Games,1/21/2023,1.6,16,93,FALSE,0
9291958506,Bronze,1,2625.61,Books,10/05/2023,1.3,5,74,TRUE,1
7429286070,Silver,13,1655.41,Sports,10/09/2023,3.3,7,51,FALSE,1
8235347105,Bronze,46,1571.64,Clothing,11/22/2023,4.5,47,87,FALSE,1
3154319360,Gold,17,295.07,Beauty,2/19/2023,1.3,61,72,FALSE,0
7435862177,Silver,47,783.62,Clothing,7/23/2023,1.8,78,3,FALSE,0
3902859148,Platinum,5,,Beauty,03/07/2023,4.6,45,7,TRUE,1
7982954472,Bronze,3,49.71,Music,06/08/2023,4.2,78,83,TRUE,0
8637669972,Bronze,21,1240.65,Shoes,6/27/2023,4.3,91,34,FALSE,1
94471509,Silver,25,,Garden,1/15/2023,2.4,16,31,FALSE,0
8983569085,Gold,13,2415.29,Outdoors,6/20/2023,4.1,97,84,TRUE,1
4366785684,Platinum,12,1636,Books,12/01/2023,2.5,45,30,TRUE,1
5004526702,Gold,6,1289.84,Books,12/09/2023,3.3,14,60,FALSE,1
395891094,Bronze,44,203.72,Jewelry,10/12/2023,4.5,22,69,FALSE,1
6778527447,Gold,40,963.57,Music,3/16/2023,2,52,31,TRUE,1
3424298581,Silver,30,1510.55,Baby,10/22/2023,4,72,35,TRUE,1
295050950,Bronze,31,2241.48,Kids,10/13/2023,4.3,50,84,TRUE,1
8819107244,Bronze,50,237.59,Baby,07/12/2023,2.7,42,68,TRUE,1
2731259582,Silver,28,2984.98,Health,11/03/2023,3.7,58,8,FALSE,0
5034759977,Silver,15,,Grocery,11/23/2023,3.5,33,83,FALSE,0
603480454,Platinum,46,633.2,Toys,3/31/2023,2.8,88,15,FALSE,1
7674974790,Platinum,16,884.88,Books,9/28/2023,1.3,18,37,TRUE,0
1994311797,Bronze,46,815.31,Home,5/23/2023,2.9,66,74,TRUE,1
399388044,Silver,8,2635.75,Movies,9/28/2023,3.1,111,96,FALSE,0
5200913829,Silver,47,339.66,Grocery,06/06/2023,1.2,15,6,FALSE,1
7737237402,Silver,15,1586.69,Automotive,2/25/2023,3.9,43,82,TRUE,0
2987225903,Bronze,29,545.05,Outdoors,1/19/2023,1.6,70,65,TRUE,1
9237101511,Bronze,26,727.6,Shoes,1/25/2023,4.7,21,46,FALSE,0
