<?xml version="1.1" encoding="UTF-8"?>

<project i18n.job.generated.documetation="Generated documentation" i18n.job.project.name="Project Name" i18n.job.generated.date="GENERATION DATE" i18n.job.author="AUTHOR" i18n.job.summary="Summary" i18n.job.project.description="Project Description" i18n.job.job.description="Description" i18n.job.job.preview.picture="Preview Picture" i18n.job.job.setting="Settings" i18n.job.context.list="Context List" i18n.job.component.list="Component List" i18n.job.components.description="Components Description" i18n.job.source.code="Source Code" i18n.job.properties="Properties" i18n.job.values="Values" i18n.job.name="Name" i18n.job.language="Language" i18n.job.description="Description" i18n.job.author.min="Author" i18n.job.version="Version" i18n.job.purpose="Purpose" i18n.job.status="Status" i18n.job.creation="Creation" i18n.job.modification="Modification" i18n.job.extract.settings="Extra settings" i18n.job.value="Value" i18n.job.stats.logs="Status &amp; Logs" i18n.job.context="Context" i18n.job.promt="Prompt" i18n.job.need.promt="Need Prompt?" i18n.job.type="Type" i18n.job.source="Source" i18n.job.component.name="Component Name" i18n.job.component.type="Component Type" i18n.job.component="Component" i18n.job.unique.name="UNIQUE NAME" i18n.job.input="INPUT(S)" i18n.job.label="LABEL" i18n.job.output="OUTPUT(S)" i18n.job.component.parameters="Component Parameters:" i18n.job.schema.for="Schema for " i18n.job.column="Column" i18n.job.key="Key" i18n.job.length="Length" i18n.job.precision="Precision" i18n.job.nullable="Nullable" i18n.job.comment="Comment" i18n.job.original.function.parameters="Original Function Parameters:" i18n.job.ended="ended" i18n.job.content="content" i18n.route.manifest.type="Type" i18n.route.manifest.value="Value" i18n.route.resource.name="Name" i18n.route.resource.version="Version" i18n.route.resource.path="Path" name="D7005AA1" logo="pictures/logo.jpg" title="Generated by Talend Open Studio for Data Integration" link="http://www.talend.com" language="java" generatedDate="7 Jan 2024, 7:52:03&#8239;pm" versionName="Talend Open Studio VERSION " version="8.0.1.20211109_1610" docType="Jobs" company="">
  <pro-description><![CDATA[]]></pro-description>
  <job name="CSV_Processing_V1" author="user@talend.com" i18n.job.extract.settings.type="i18n.job.extract.settings" i18n.job.stats.logs.type="i18n.job.stats.logs" version="0.1" purpose="CSV Processing" status="" creation="7 Jan 2024, 5:47:41&#8239;am" modification="7 Jan 2024, 7:50:41&#8239;pm">
    <description><![CDATA[To preprocessing the data before import it into SAS EM.<br/>]]></description>
    <preview picture="pictures/CSV_Processing_V1_0.1.png"/>
    <contextList>
      <context name="Default"/>
    </contextList>
    <jobSetting>
      <extra>
        <jobParameter name="COMP_DEFAULT_FILE_DIR" value=""/>
        <jobParameter name="Multi thread execution" value="false"/>
        <jobParameter name="Implicit tContextLoad" value="false"/>
      </extra>
      <Statslogs>
        <jobParameter name="Use statistics (tStatCatcher)" value="false"/>
        <jobParameter name="Use logs (tLogCatcher)" value="false"/>
        <jobParameter name="Use volumetrics (tFlowMeterCatcher)" value="false"/>
        <jobParameter name="On Console" value="false"/>
        <jobParameter name="On Files" value="false"/>
        <jobParameter name="On Databases" value="false"/>
        <jobParameter name="Catch components statistics" value="false"/>
        <jobParameter name="Catch runtime errors" value="true"/>
        <jobParameter name="Catch user errors" value="true"/>
        <jobParameter name="Catch user warnings" value="true"/>
      </Statslogs>
    </jobSetting>
    <componentList>
      <componentItem name="tFileInputDelimited_1" link="tFileInputDelimited_1" type="tFileInputDelimited" leftTopX="224" leftTopY="96" rightBottomX="256" rightBottomY="128"/>
      <componentItem name="tFileInputDelimited_2" link="tFileInputDelimited_2" type="tFileInputDelimited" leftTopX="576" leftTopY="384" rightBottomX="608" rightBottomY="416"/>
      <componentItem name="tFileInputDelimited_3" link="tFileInputDelimited_3" type="tFileInputDelimited" leftTopX="224" leftTopY="224" rightBottomX="256" rightBottomY="256"/>
      <componentItem name="tFileOutputDelimited_1" link="tFileOutputDelimited_1" type="tFileOutputDelimited" leftTopX="768" leftTopY="160" rightBottomX="800" rightBottomY="192"/>
      <componentItem name="tFilterRow_1" link="tFilterRow_1" type="tFilterRow" leftTopX="736" leftTopY="384" rightBottomX="768" rightBottomY="416"/>
      <componentItem name="tLogRow_1" link="tLogRow_1" type="tLogRow" leftTopX="384" leftTopY="96" rightBottomX="416" rightBottomY="128"/>
      <componentItem name="tLogRow_2" link="tLogRow_2" type="tLogRow" leftTopX="864" leftTopY="384" rightBottomX="896" rightBottomY="416"/>
      <componentItem name="tLogRow_3" link="tLogRow_3" type="tLogRow" leftTopX="384" leftTopY="224" rightBottomX="416" rightBottomY="256"/>
      <componentItem name="tLogRow_4" link="tLogRow_4" type="tLogRow" leftTopX="640" leftTopY="160" rightBottomX="672" rightBottomY="192"/>
      <componentItem name="tMap_1" link="tMap_1" type="tMap" leftTopX="512" leftTopY="160" rightBottomX="544" rightBottomY="192"/>
    </componentList>
    <internalNodeComponents>
      <component icon="pictures/tFileInputDelimited_1.png" uniqueName="tFileInputDelimited_1" label="__UNIQUE_NAME__">
        <input>none</input>
        <output link="tLogRow_1">tLogRow_1</output>
        <componentType>tFileInputDelimited</componentType>
        <parameters>
          <column name="Unique Name" value="tFileInputDelimited_1"/>
          <column name="Component Name" value="tFileInputDelimited"/>
          <column name="Version" value="0.102 (ALPHA)"/>
          <column name="Family" value="File/Input"/>
          <column name="Start" value="true"/>
          <column name="Startable" value="true"/>
          <column name="SUBTREE_START" value="true"/>
          <column name="END_OF_FLOW" value="false"/>
          <column name="Activate" value="true"/>
          <column name="DUMMY" value="false"/>
          <column name="tStatCatcher Statistics" value="false"/>
          <column name="Help" value="org.talend.help.tFileInputDelimited"/>
          <column name="Update components" value="true"/>
          <column name="IREPORT_PATH" value=""/>
          <column name="JAVA_LIBRARY_PATH" value="D:\UM DS Sem2\TOS_DI-8.0.1\studio\configuration\lib\java"/>
          <column name="Subjob color" value=""/>
          <column name="Title color" value=""/>
          <column name="Property Type" value="Built-In"/>
          <column name="REPOSITORY_ALLOW_AUTO_SWITCH" value="true"/>
          <column name="Schema" value="Built-In"/>
          <column name="File name/Stream" value="&quot;D:/word excel powerpoint/um ds/WQD7005 Data Mining/tutorial/D7005AA1_DataA.csv&quot;"/>
          <column name="CSV options" value="false"/>
          <column name="Row Separator" value="&quot;\n&quot;"/>
          <column name="CSV Row Separator" value="&quot;\n&quot;"/>
          <column name="Field Separator" value="&quot;,&quot;"/>
          <column name="Escape char" value="&quot;&quot;&quot;"/>
          <column name="Text enclosure" value="&quot;&quot;&quot;"/>
          <column name="Header" value="1"/>
          <column name="Footer" value="0"/>
          <column name="Limit" value=""/>
          <column name="Skip empty rows" value="false"/>
          <column name="Uncompress as zip file" value="false"/>
          <column name="Die on error" value="false"/>
          <column name="Schema" value="Built-In"/>
          <column name="Temporary directory" value="&quot;D:/UM DS Sem2/TOS_DI-8.0.1/studio/workspace&quot;"/>
          <column name="Advanced separator (for numbers)" value="false"/>
          <column name="Thousands separator" value="&quot;,&quot;"/>
          <column name="Decimal separator" value="&quot;.&quot;"/>
          <column name="Extract lines at random" value="false"/>
          <column name="Number of lines" value="10"/>
          <column name="Trim all columns" value="false"/>
          <column name="Check column to trim" value="[{SCHEMA_COLUMN=CustomerID, TRIM=false}, {SCHEMA_COLUMN=Age, TRIM=false}, {SCHEMA_COLUMN=Gender, TRIM=false}, {SCHEMA_COLUMN=Location, TRIM=false}]"/>
          <column name="Check each row structure against schema" value="false"/>
          <column name="Check date" value="false"/>
          <column name="Encoding" value="&quot;ISO-8859-15&quot;"/>
          <column name="Split row before field" value="false"/>
          <column name="Permit hexadecimal (0xNNN) or octal (0NNNN) for numeric types (clear the check box to read Byte type as octal and hexadecimal numbers by default)" value="false"/>
          <column name="Decode table" value="[{SCHEMA_COLUMN=CustomerID, DECODE=false}, {SCHEMA_COLUMN=Age, DECODE=false}, {SCHEMA_COLUMN=Gender, DECODE=false}, {SCHEMA_COLUMN=Location, DECODE=false}]"/>
          <column name="Destination" value=""/>
          <column name="Min column number of optimize code" value="100"/>
          <column name="Label format" value="__UNIQUE_NAME__"/>
          <column name="Hint format" value="&lt;b&gt;__UNIQUE_NAME__&lt;/b&gt;&lt;br&gt;__COMMENT__"/>
          <column name="Connection format" value="row"/>
          <column name="Show Information" value="false"/>
          <column name="Comment" value=""/>
          <column name="Use an existing validation rule" value="false"/>
          <column name="Validation Rule Type" value=""/>
        </parameters>
        <schemas>
          <schema name="tFileInputDelimited_1">
            <column name="CustomerID" key="false" type="String" length="" precision="" nullable="true" comment=""/>
            <column name="Age" key="false" type="Integer" length="" precision="" nullable="true" comment=""/>
            <column name="Gender" key="false" type="String" length="" precision="" nullable="true" comment=""/>
            <column name="Location" key="false" type="String" length="" precision="" nullable="true" comment=""/>
          </schema>
        </schemas>
      </component>
      <component icon="pictures/tFileInputDelimited_2.png" uniqueName="tFileInputDelimited_2" label="__UNIQUE_NAME__">
        <input>none</input>
        <output link="tFilterRow_1">tFilterRow_1</output>
        <componentType>tFileInputDelimited</componentType>
        <parameters>
          <column name="Unique Name" value="tFileInputDelimited_2"/>
          <column name="Component Name" value="tFileInputDelimited"/>
          <column name="Version" value="0.102 (ALPHA)"/>
          <column name="Family" value="File/Input"/>
          <column name="Start" value="true"/>
          <column name="Startable" value="true"/>
          <column name="SUBTREE_START" value="true"/>
          <column name="END_OF_FLOW" value="false"/>
          <column name="Activate" value="true"/>
          <column name="DUMMY" value="false"/>
          <column name="tStatCatcher Statistics" value="false"/>
          <column name="Help" value="org.talend.help.tFileInputDelimited"/>
          <column name="Update components" value="true"/>
          <column name="IREPORT_PATH" value=""/>
          <column name="JAVA_LIBRARY_PATH" value="D:\UM DS Sem2\TOS_DI-8.0.1\studio\configuration\lib\java"/>
          <column name="Subjob color" value=""/>
          <column name="Title color" value=""/>
          <column name="Property Type" value="Built-In"/>
          <column name="REPOSITORY_ALLOW_AUTO_SWITCH" value="true"/>
          <column name="Schema" value="Built-In"/>
          <column name="File name/Stream" value="&quot;D:/word excel powerpoint/um ds/WQD7005 Data Mining/tutorial/D7005AA1_v1.csv&quot;"/>
          <column name="CSV options" value="false"/>
          <column name="Row Separator" value="&quot;\n&quot;"/>
          <column name="CSV Row Separator" value="&quot;\n&quot;"/>
          <column name="Field Separator" value="&quot;,&quot;"/>
          <column name="Escape char" value="&quot;&quot;&quot;"/>
          <column name="Text enclosure" value="&quot;&quot;&quot;"/>
          <column name="Header" value="1"/>
          <column name="Footer" value="0"/>
          <column name="Limit" value=""/>
          <column name="Skip empty rows" value="false"/>
          <column name="Uncompress as zip file" value="false"/>
          <column name="Die on error" value="false"/>
          <column name="Schema" value="Built-In"/>
          <column name="Temporary directory" value="&quot;D:/UM DS Sem2/TOS_DI-8.0.1/studio/workspace&quot;"/>
          <column name="Advanced separator (for numbers)" value="false"/>
          <column name="Thousands separator" value="&quot;,&quot;"/>
          <column name="Decimal separator" value="&quot;.&quot;"/>
          <column name="Extract lines at random" value="false"/>
          <column name="Number of lines" value="10"/>
          <column name="Trim all columns" value="false"/>
          <column name="Check column to trim" value="[{SCHEMA_COLUMN=CustomerID, TRIM=false}, {SCHEMA_COLUMN=Age, TRIM=false}, {SCHEMA_COLUMN=Gender, TRIM=false}, {SCHEMA_COLUMN=Location, TRIM=false}, {SCHEMA_COLUMN=MembershipLevel, TRIM=false}, {SCHEMA_COLUMN=TotalPurchases, TRIM=false}, {SCHEMA_COLUMN=TotalSpent, TRIM=false}, {SCHEMA_COLUMN=FavoriteCategory, TRIM=false}, {SCHEMA_COLUMN=LastPurchaseDate, TRIM=false}, {SCHEMA_COLUMN=Sastification, TRIM=false}, {SCHEMA_COLUMN=MinutePerVisit, TRIM=false}, {SCHEMA_COLUMN=PromotionPercent, TRIM=false}, {SCHEMA_COLUMN=Comments, TRIM=false}, {SCHEMA_COLUMN=Churn, TRIM=false}]"/>
          <column name="Check each row structure against schema" value="false"/>
          <column name="Check date" value="false"/>
          <column name="Encoding" value="&quot;ISO-8859-15&quot;"/>
          <column name="Split row before field" value="false"/>
          <column name="Permit hexadecimal (0xNNN) or octal (0NNNN) for numeric types (clear the check box to read Byte type as octal and hexadecimal numbers by default)" value="false"/>
          <column name="Decode table" value="[{SCHEMA_COLUMN=CustomerID, DECODE=false}, {SCHEMA_COLUMN=Age, DECODE=false}, {SCHEMA_COLUMN=Gender, DECODE=false}, {SCHEMA_COLUMN=Location, DECODE=false}, {SCHEMA_COLUMN=MembershipLevel, DECODE=false}, {SCHEMA_COLUMN=TotalPurchases, DECODE=false}, {SCHEMA_COLUMN=TotalSpent, DECODE=false}, {SCHEMA_COLUMN=FavoriteCategory, DECODE=false}, {SCHEMA_COLUMN=LastPurchaseDate, DECODE=false}, {SCHEMA_COLUMN=Sastification, DECODE=false}, {SCHEMA_COLUMN=MinutePerVisit, DECODE=false}, {SCHEMA_COLUMN=PromotionPercent, DECODE=false}, {SCHEMA_COLUMN=Comments, DECODE=false}, {SCHEMA_COLUMN=Churn, DECODE=false}]"/>
          <column name="Destination" value=""/>
          <column name="Min column number of optimize code" value="100"/>
          <column name="Label format" value="__UNIQUE_NAME__"/>
          <column name="Hint format" value="&lt;b&gt;__UNIQUE_NAME__&lt;/b&gt;&lt;br&gt;__COMMENT__"/>
          <column name="Connection format" value="row"/>
          <column name="Show Information" value="false"/>
          <column name="Comment" value=""/>
          <column name="Use an existing validation rule" value="false"/>
          <column name="Validation Rule Type" value=""/>
        </parameters>
        <schemas>
          <schema name="tFileInputDelimited_2">
            <column name="CustomerID" key="false" type="String" length="" precision="" nullable="true" comment=""/>
            <column name="Age" key="false" type="Integer" length="" precision="" nullable="true" comment=""/>
            <column name="Gender" key="false" type="String" length="" precision="" nullable="true" comment=""/>
            <column name="Location" key="false" type="String" length="" precision="" nullable="true" comment=""/>
            <column name="MembershipLevel" key="false" type="String" length="" precision="" nullable="true" comment=""/>
            <column name="TotalPurchases" key="false" type="Integer" length="" precision="" nullable="true" comment=""/>
            <column name="TotalSpent" key="false" type="Double" length="" precision="" nullable="true" comment=""/>
            <column name="FavoriteCategory" key="false" type="String" length="" precision="" nullable="true" comment=""/>
            <column name="LastPurchaseDate" key="false" type="java.util.Date" length="" precision="" nullable="true" comment=""/>
            <column name="Sastification" key="false" type="Double" length="" precision="" nullable="true" comment=""/>
            <column name="MinutePerVisit" key="false" type="Integer" length="" precision="" nullable="true" comment=""/>
            <column name="PromotionPercent" key="false" type="Integer" length="" precision="" nullable="true" comment=""/>
            <column name="Comments" key="false" type="Boolean" length="" precision="" nullable="true" comment=""/>
            <column name="Churn" key="false" type="Integer" length="" precision="" nullable="true" comment=""/>
          </schema>
        </schemas>
      </component>
      <component icon="pictures/tFileInputDelimited_3.png" uniqueName="tFileInputDelimited_3" label="__UNIQUE_NAME__">
        <input>none</input>
        <output link="tLogRow_3">tLogRow_3</output>
        <componentType>tFileInputDelimited</componentType>
        <parameters>
          <column name="Unique Name" value="tFileInputDelimited_3"/>
          <column name="Component Name" value="tFileInputDelimited"/>
          <column name="Version" value="0.102 (ALPHA)"/>
          <column name="Family" value="File/Input"/>
          <column name="Start" value="false"/>
          <column name="Startable" value="true"/>
          <column name="SUBTREE_START" value="false"/>
          <column name="END_OF_FLOW" value="false"/>
          <column name="Activate" value="true"/>
          <column name="DUMMY" value="false"/>
          <column name="tStatCatcher Statistics" value="false"/>
          <column name="Help" value="org.talend.help.tFileInputDelimited"/>
          <column name="Update components" value="true"/>
          <column name="IREPORT_PATH" value=""/>
          <column name="JAVA_LIBRARY_PATH" value="D:\UM DS Sem2\TOS_DI-8.0.1\studio\configuration\lib\java"/>
          <column name="Subjob color" value=""/>
          <column name="Title color" value=""/>
          <column name="Property Type" value="Built-In"/>
          <column name="REPOSITORY_ALLOW_AUTO_SWITCH" value="true"/>
          <column name="Schema" value="Built-In"/>
          <column name="File name/Stream" value="&quot;D:/word excel powerpoint/um ds/WQD7005 Data Mining/tutorial/D7005AA1_DataB.csv&quot;"/>
          <column name="CSV options" value="false"/>
          <column name="Row Separator" value="&quot;\n&quot;"/>
          <column name="CSV Row Separator" value="&quot;\n&quot;"/>
          <column name="Field Separator" value="&quot;,&quot;"/>
          <column name="Escape char" value="&quot;&quot;&quot;"/>
          <column name="Text enclosure" value="&quot;&quot;&quot;"/>
          <column name="Header" value="1"/>
          <column name="Footer" value="0"/>
          <column name="Limit" value=""/>
          <column name="Skip empty rows" value="false"/>
          <column name="Uncompress as zip file" value="false"/>
          <column name="Die on error" value="false"/>
          <column name="Schema" value="Built-In"/>
          <column name="Temporary directory" value="&quot;D:/UM DS Sem2/TOS_DI-8.0.1/studio/workspace&quot;"/>
          <column name="Advanced separator (for numbers)" value="false"/>
          <column name="Thousands separator" value="&quot;,&quot;"/>
          <column name="Decimal separator" value="&quot;.&quot;"/>
          <column name="Extract lines at random" value="false"/>
          <column name="Number of lines" value="10"/>
          <column name="Trim all columns" value="false"/>
          <column name="Check column to trim" value="[{SCHEMA_COLUMN=CustomerID, TRIM=false}, {SCHEMA_COLUMN=MembershipLevel, TRIM=false}, {SCHEMA_COLUMN=TotalPurchases, TRIM=false}, {SCHEMA_COLUMN=TotalSpent, TRIM=false}, {SCHEMA_COLUMN=FavoriteCategory, TRIM=false}, {SCHEMA_COLUMN=LastPurchaseDate, TRIM=false}, {SCHEMA_COLUMN=Sastification, TRIM=false}, {SCHEMA_COLUMN=MinutePerVisit, TRIM=false}, {SCHEMA_COLUMN=PromotionPercent, TRIM=false}, {SCHEMA_COLUMN=Comments, TRIM=false}, {SCHEMA_COLUMN=Churn, TRIM=false}]"/>
          <column name="Check each row structure against schema" value="false"/>
          <column name="Check date" value="false"/>
          <column name="Encoding" value="&quot;ISO-8859-15&quot;"/>
          <column name="Split row before field" value="false"/>
          <column name="Permit hexadecimal (0xNNN) or octal (0NNNN) for numeric types (clear the check box to read Byte type as octal and hexadecimal numbers by default)" value="false"/>
          <column name="Decode table" value="[{SCHEMA_COLUMN=CustomerID, DECODE=false}, {SCHEMA_COLUMN=MembershipLevel, DECODE=false}, {SCHEMA_COLUMN=TotalPurchases, DECODE=false}, {SCHEMA_COLUMN=TotalSpent, DECODE=false}, {SCHEMA_COLUMN=FavoriteCategory, DECODE=false}, {SCHEMA_COLUMN=LastPurchaseDate, DECODE=false}, {SCHEMA_COLUMN=Sastification, DECODE=false}, {SCHEMA_COLUMN=MinutePerVisit, DECODE=false}, {SCHEMA_COLUMN=PromotionPercent, DECODE=false}, {SCHEMA_COLUMN=Comments, DECODE=false}, {SCHEMA_COLUMN=Churn, DECODE=false}]"/>
          <column name="Destination" value=""/>
          <column name="Min column number of optimize code" value="100"/>
          <column name="Label format" value="__UNIQUE_NAME__"/>
          <column name="Hint format" value="&lt;b&gt;__UNIQUE_NAME__&lt;/b&gt;&lt;br&gt;__COMMENT__"/>
          <column name="Connection format" value="row"/>
          <column name="Show Information" value="false"/>
          <column name="Comment" value=""/>
          <column name="Use an existing validation rule" value="false"/>
          <column name="Validation Rule Type" value=""/>
        </parameters>
        <schemas>
          <schema name="tFileInputDelimited_3">
            <column name="CustomerID" key="false" type="String" length="" precision="" nullable="true" comment=""/>
            <column name="MembershipLevel" key="false" type="String" length="" precision="" nullable="true" comment=""/>
            <column name="TotalPurchases" key="false" type="Integer" length="" precision="" nullable="true" comment=""/>
            <column name="TotalSpent" key="false" type="Double" length="" precision="" nullable="true" comment=""/>
            <column name="FavoriteCategory" key="false" type="String" length="" precision="" nullable="true" comment=""/>
            <column name="LastPurchaseDate" key="false" type="java.util.Date" length="" precision="" nullable="true" comment=""/>
            <column name="Sastification" key="false" type="Double" length="" precision="" nullable="true" comment=""/>
            <column name="MinutePerVisit" key="false" type="Integer" length="" precision="" nullable="true" comment=""/>
            <column name="PromotionPercent" key="false" type="Integer" length="" precision="" nullable="true" comment=""/>
            <column name="Comments" key="false" type="Boolean" length="" precision="" nullable="true" comment=""/>
            <column name="Churn" key="false" type="Integer" length="" precision="" nullable="true" comment=""/>
          </schema>
        </schemas>
      </component>
      <component icon="pictures/tFileOutputDelimited_1.png" uniqueName="tFileOutputDelimited_1" label="__UNIQUE_NAME__">
        <input link="tLogRow_4">tLogRow_4</input>
        <output>none</output>
        <componentType>tFileOutputDelimited</componentType>
        <parameters>
          <column name="Unique Name" value="tFileOutputDelimited_1"/>
          <column name="Component Name" value="tFileOutputDelimited"/>
          <column name="Version" value="0.101 (ALPHA)"/>
          <column name="Family" value="File/Output"/>
          <column name="Startable" value="false"/>
          <column name="SUBTREE_START" value="false"/>
          <column name="END_OF_FLOW" value="true"/>
          <column name="Activate" value="true"/>
          <column name="DUMMY" value="false"/>
          <column name="tStatCatcher Statistics" value="false"/>
          <column name="Help" value="org.talend.help.tFileOutputDelimited"/>
          <column name="Update components" value="true"/>
          <column name="IREPORT_PATH" value=""/>
          <column name="JAVA_LIBRARY_PATH" value="D:\UM DS Sem2\TOS_DI-8.0.1\studio\configuration\lib\java"/>
          <column name="Subjob color" value=""/>
          <column name="Title color" value=""/>
          <column name="Property Type" value="Built-In"/>
          <column name="Use Output Stream" value="false"/>
          <column name="Output Stream" value="outputStream"/>
          <column name="File Name" value="&quot;D:/word excel powerpoint/um ds/WQD7005 Data Mining/tutorial/D7005AA1_v1.csv&quot;"/>
          <column name="Row Separator" value="&quot;\n&quot;"/>
          <column name="Use OS line separator as row separator when CSV Row Separator is set to CR,LF or CRLF." value="true"/>
          <column name="CSV Row Separator" value="&quot;\n&quot;"/>
          <column name="Field Separator" value="&quot;,&quot;"/>
          <column name="Append" value="false"/>
          <column name="Include Header" value="true"/>
          <column name="Compress as zip file" value="false"/>
          <column name="REPOSITORY_ALLOW_AUTO_SWITCH" value="true"/>
          <column name="Schema" value="Built-In"/>
          <column name="Advanced separator (for numbers)" value="false"/>
          <column name="Thousands separator" value="&quot;,&quot;"/>
          <column name="Decimal separator" value="&quot;.&quot;"/>
          <column name="CSV options" value="false"/>
          <column name="Escape char" value="&quot;&quot;&quot;"/>
          <column name="Text enclosure" value="&quot;&quot;&quot;"/>
          <column name="Create directory if does not exist" value="true"/>
          <column name="Split output in several files" value="false"/>
          <column name="Rows in each output file" value="1000"/>
          <column name="Custom the flush buffer size" value="false"/>
          <column name="Row number" value="1"/>
          <column name="Output in row mode" value="false"/>
          <column name="Encoding" value="&quot;ISO-8859-15&quot;"/>
          <column name="Don't generate empty file" value="true"/>
          <column name="Throw an error if the file already exist" value="false"/>
          <column name="Min column number of optimize code" value="90"/>
          <column name="Label format" value="__UNIQUE_NAME__"/>
          <column name="Hint format" value="&lt;b&gt;__UNIQUE_NAME__&lt;/b&gt;&lt;br&gt;__COMMENT__"/>
          <column name="Connection format" value="row"/>
          <column name="Show Information" value="false"/>
          <column name="Comment" value=""/>
          <column name="Use an existing validation rule" value="false"/>
          <column name="Validation Rule Type" value=""/>
        </parameters>
        <schemas>
          <schema name="tFileOutputDelimited_1">
            <column name="CustomerID" key="false" type="String" length="" precision="" nullable="true" comment=""/>
            <column name="Age" key="false" type="Integer" length="" precision="" nullable="true" comment=""/>
            <column name="Gender" key="false" type="String" length="" precision="" nullable="true" comment=""/>
            <column name="Location" key="false" type="String" length="" precision="" nullable="true" comment=""/>
            <column name="MembershipLevel" key="false" type="String" length="" precision="" nullable="true" comment=""/>
            <column name="TotalPurchases" key="false" type="Integer" length="" precision="" nullable="true" comment=""/>
            <column name="TotalSpent" key="false" type="Double" length="" precision="" nullable="true" comment=""/>
            <column name="FavoriteCategory" key="false" type="String" length="" precision="" nullable="true" comment=""/>
            <column name="LastPurchaseDate" key="false" type="java.util.Date" length="" precision="" nullable="true" comment=""/>
            <column name="Sastification" key="false" type="Double" length="" precision="" nullable="true" comment=""/>
            <column name="MinutePerVisit" key="false" type="Integer" length="" precision="" nullable="true" comment=""/>
            <column name="PromotionPercent" key="false" type="Integer" length="" precision="" nullable="true" comment=""/>
            <column name="Comments" key="false" type="Boolean" length="" precision="" nullable="true" comment=""/>
            <column name="Churn" key="false" type="Integer" length="" precision="" nullable="true" comment=""/>
          </schema>
        </schemas>
      </component>
      <component icon="pictures/tFilterRow_1.png" uniqueName="tFilterRow_1" label="__UNIQUE_NAME__">
        <input link="tFileInputDelimited_2">tFileInputDelimited_2</input>
        <output link="tLogRow_2">tLogRow_2</output>
        <componentType>tFilterRow</componentType>
        <parameters>
          <column name="Unique Name" value="tFilterRow_1"/>
          <column name="Component Name" value="tFilterRow"/>
          <column name="Version" value="0.102 (ALPHA)"/>
          <column name="Family" value="Processing"/>
          <column name="Startable" value="false"/>
          <column name="SUBTREE_START" value="false"/>
          <column name="END_OF_FLOW" value="false"/>
          <column name="Activate" value="true"/>
          <column name="DUMMY" value="false"/>
          <column name="tStatCatcher Statistics" value="false"/>
          <column name="Help" value="org.talend.help.tFilterRow"/>
          <column name="Update components" value="true"/>
          <column name="IREPORT_PATH" value=""/>
          <column name="JAVA_LIBRARY_PATH" value="D:\UM DS Sem2\TOS_DI-8.0.1\studio\configuration\lib\java"/>
          <column name="Subjob color" value=""/>
          <column name="Title color" value=""/>
          <column name="REPOSITORY_ALLOW_AUTO_SWITCH" value="true"/>
          <column name="Schema" value="Built-In"/>
          <column name="Schema" value="Built-In"/>
          <column name="Schema" value="Built-In"/>
          <column name="Logical operator used to combine conditions" value="&amp;&amp;"/>
          <column name="Conditions" value="[{INPUT_COLUMN=CustomerID, FUNCTION=, OPERATOR=!=, RVALUE=null}, {INPUT_COLUMN=Age, FUNCTION=, OPERATOR=!=, RVALUE=null}, {INPUT_COLUMN=Gender, FUNCTION=, OPERATOR=!=, RVALUE=null}, {INPUT_COLUMN=Location, FUNCTION=, OPERATOR=!=, RVALUE=null}, {INPUT_COLUMN=MembershipLevel, FUNCTION=, OPERATOR=!=, RVALUE=null}, {INPUT_COLUMN=TotalPurchases, FUNCTION=, OPERATOR=!=, RVALUE=null}, {INPUT_COLUMN=TotalSpent, FUNCTION=, OPERATOR=!=, RVALUE=null}, {INPUT_COLUMN=FavoriteCategory, FUNCTION=, OPERATOR=!=, RVALUE=null}, {INPUT_COLUMN=LastPurchaseDate, FUNCTION=, OPERATOR=!=, RVALUE=null}, {INPUT_COLUMN=Sastification, FUNCTION=, OPERATOR=!=, RVALUE=null}, {INPUT_COLUMN=MinutePerVisit, FUNCTION=, OPERATOR=!=, RVALUE=null}, {INPUT_COLUMN=PromotionPercent, FUNCTION=, OPERATOR=!=, RVALUE=null}, {INPUT_COLUMN=Comments, FUNCTION=, OPERATOR=!=, RVALUE=null}, {INPUT_COLUMN=Churn, FUNCTION=, OPERATOR=!=, RVALUE=null}]"/>
          <column name="Use advanced mode" value="false"/>
          <column name="Advanced" value="// code sample : use input_row to define the condition.
// input_row.columnName1.equals(&quot;foo&quot;) ||!(input_row.columnName2.equals(&quot;bar&quot;))
// replace the following expression by your own filter condition 
input_row.columnName1.equals(input_row.columnName2)
			"/>
          <column name="Label format" value="__UNIQUE_NAME__"/>
          <column name="Hint format" value="&lt;b&gt;__UNIQUE_NAME__&lt;/b&gt;&lt;br&gt;__COMMENT__"/>
          <column name="Connection format" value="row"/>
          <column name="Show Information" value="false"/>
          <column name="Comment" value=""/>
          <column name="Use an existing validation rule" value="false"/>
          <column name="Validation Rule Type" value=""/>
        </parameters>
        <schemas>
          <schema name="tFilterRow_1">
            <column name="CustomerID" key="false" type="String" length="" precision="" nullable="true" comment=""/>
            <column name="Age" key="false" type="Integer" length="" precision="" nullable="true" comment=""/>
            <column name="Gender" key="false" type="String" length="" precision="" nullable="true" comment=""/>
            <column name="Location" key="false" type="String" length="" precision="" nullable="true" comment=""/>
            <column name="MembershipLevel" key="false" type="String" length="" precision="" nullable="true" comment=""/>
            <column name="TotalPurchases" key="false" type="Integer" length="" precision="" nullable="true" comment=""/>
            <column name="TotalSpent" key="false" type="Double" length="" precision="" nullable="true" comment=""/>
            <column name="FavoriteCategory" key="false" type="String" length="" precision="" nullable="true" comment=""/>
            <column name="LastPurchaseDate" key="false" type="java.util.Date" length="" precision="" nullable="true" comment=""/>
            <column name="Sastification" key="false" type="Double" length="" precision="" nullable="true" comment=""/>
            <column name="MinutePerVisit" key="false" type="Integer" length="" precision="" nullable="true" comment=""/>
            <column name="PromotionPercent" key="false" type="Integer" length="" precision="" nullable="true" comment=""/>
            <column name="Comments" key="false" type="Boolean" length="" precision="" nullable="true" comment=""/>
            <column name="Churn" key="false" type="Integer" length="" precision="" nullable="true" comment=""/>
          </schema>
        </schemas>
      </component>
      <component icon="pictures/tLogRow_1.png" uniqueName="tLogRow_1" label="__UNIQUE_NAME__">
        <input link="tFileInputDelimited_1">tFileInputDelimited_1</input>
        <output link="tMap_1">tMap_1</output>
        <componentType>tLogRow</componentType>
        <parameters>
          <column name="Unique Name" value="tLogRow_1"/>
          <column name="Component Name" value="tLogRow"/>
          <column name="Version" value="0.101 (ALPHA)"/>
          <column name="Family" value="Logs_Errors"/>
          <column name="Startable" value="false"/>
          <column name="SUBTREE_START" value="false"/>
          <column name="END_OF_FLOW" value="false"/>
          <column name="Activate" value="true"/>
          <column name="DUMMY" value="false"/>
          <column name="tStatCatcher Statistics" value="false"/>
          <column name="Help" value="org.talend.help.tLogRow"/>
          <column name="Update components" value="true"/>
          <column name="IREPORT_PATH" value=""/>
          <column name="JAVA_LIBRARY_PATH" value="D:\UM DS Sem2\TOS_DI-8.0.1\studio\configuration\lib\java"/>
          <column name="Subjob color" value=""/>
          <column name="Title color" value=""/>
          <column name="REPOSITORY_ALLOW_AUTO_SWITCH" value="true"/>
          <column name="Schema" value="Built-In"/>
          <column name="Basic" value="true"/>
          <column name="Table (print values in cells of a table)" value="false"/>
          <column name="Vertical (each row is a key/value list)" value="false"/>
          <column name="Print unique name" value="true"/>
          <column name="Print label" value="false"/>
          <column name="Print unique name and label" value="false"/>
          <column name="Field Separator" value="&quot;|&quot;"/>
          <column name="Print header" value="false"/>
          <column name="Print component unique name in front of each output row" value="false"/>
          <column name="Print schema column name in front of each value" value="false"/>
          <column name="Use fixed length for values" value="false"/>
          <column name="Lengths" value="[{SCHEMA_COLUMN=CustomerID, LENGTH=10}, {SCHEMA_COLUMN=Age, LENGTH=10}, {SCHEMA_COLUMN=Gender, LENGTH=10}, {SCHEMA_COLUMN=Location, LENGTH=10}]"/>
          <column name="Print content with log4j" value="true"/>
          <column name="Min column number of optimize code" value="100"/>
          <column name="Label format" value="__UNIQUE_NAME__"/>
          <column name="Hint format" value="&lt;b&gt;__UNIQUE_NAME__&lt;/b&gt;&lt;br&gt;__COMMENT__"/>
          <column name="Connection format" value="row"/>
          <column name="Show Information" value="false"/>
          <column name="Comment" value=""/>
          <column name="Use an existing validation rule" value="false"/>
          <column name="Validation Rule Type" value=""/>
        </parameters>
        <schemas>
          <schema name="tLogRow_1">
            <column name="CustomerID" key="false" type="String" length="" precision="" nullable="true" comment=""/>
            <column name="Age" key="false" type="Integer" length="" precision="" nullable="true" comment=""/>
            <column name="Gender" key="false" type="String" length="" precision="" nullable="true" comment=""/>
            <column name="Location" key="false" type="String" length="" precision="" nullable="true" comment=""/>
          </schema>
        </schemas>
      </component>
      <component icon="pictures/tLogRow_2.png" uniqueName="tLogRow_2" label="__UNIQUE_NAME__">
        <input link="tFilterRow_1">tFilterRow_1</input>
        <output>none</output>
        <componentType>tLogRow</componentType>
        <parameters>
          <column name="Unique Name" value="tLogRow_2"/>
          <column name="Component Name" value="tLogRow"/>
          <column name="Version" value="0.101 (ALPHA)"/>
          <column name="Family" value="Logs_Errors"/>
          <column name="Startable" value="false"/>
          <column name="SUBTREE_START" value="false"/>
          <column name="END_OF_FLOW" value="true"/>
          <column name="Activate" value="true"/>
          <column name="DUMMY" value="false"/>
          <column name="tStatCatcher Statistics" value="false"/>
          <column name="Help" value="org.talend.help.tLogRow"/>
          <column name="Update components" value="true"/>
          <column name="IREPORT_PATH" value=""/>
          <column name="JAVA_LIBRARY_PATH" value="D:\UM DS Sem2\TOS_DI-8.0.1\studio\configuration\lib\java"/>
          <column name="Subjob color" value=""/>
          <column name="Title color" value=""/>
          <column name="REPOSITORY_ALLOW_AUTO_SWITCH" value="true"/>
          <column name="Schema" value="Built-In"/>
          <column name="Basic" value="true"/>
          <column name="Table (print values in cells of a table)" value="false"/>
          <column name="Vertical (each row is a key/value list)" value="false"/>
          <column name="Print unique name" value="true"/>
          <column name="Print label" value="false"/>
          <column name="Print unique name and label" value="false"/>
          <column name="Field Separator" value="&quot;|&quot;"/>
          <column name="Print header" value="false"/>
          <column name="Print component unique name in front of each output row" value="false"/>
          <column name="Print schema column name in front of each value" value="false"/>
          <column name="Use fixed length for values" value="false"/>
          <column name="Lengths" value="[{SCHEMA_COLUMN=CustomerID, LENGTH=10}, {SCHEMA_COLUMN=Age, LENGTH=10}, {SCHEMA_COLUMN=Gender, LENGTH=10}, {SCHEMA_COLUMN=Location, LENGTH=10}, {SCHEMA_COLUMN=MembershipLevel, LENGTH=10}, {SCHEMA_COLUMN=TotalPurchases, LENGTH=10}, {SCHEMA_COLUMN=TotalSpent, LENGTH=10}, {SCHEMA_COLUMN=FavoriteCategory, LENGTH=10}, {SCHEMA_COLUMN=LastPurchaseDate, LENGTH=10}, {SCHEMA_COLUMN=Sastification, LENGTH=10}, {SCHEMA_COLUMN=MinutePerVisit, LENGTH=10}, {SCHEMA_COLUMN=PromotionPercent, LENGTH=10}, {SCHEMA_COLUMN=Comments, LENGTH=10}, {SCHEMA_COLUMN=Churn, LENGTH=10}]"/>
          <column name="Print content with log4j" value="true"/>
          <column name="Min column number of optimize code" value="100"/>
          <column name="Label format" value="__UNIQUE_NAME__"/>
          <column name="Hint format" value="&lt;b&gt;__UNIQUE_NAME__&lt;/b&gt;&lt;br&gt;__COMMENT__"/>
          <column name="Connection format" value="row"/>
          <column name="Show Information" value="false"/>
          <column name="Comment" value=""/>
          <column name="Use an existing validation rule" value="false"/>
          <column name="Validation Rule Type" value=""/>
        </parameters>
        <schemas>
          <schema name="tLogRow_2">
            <column name="CustomerID" key="false" type="String" length="" precision="" nullable="true" comment=""/>
            <column name="Age" key="false" type="Integer" length="" precision="" nullable="true" comment=""/>
            <column name="Gender" key="false" type="String" length="" precision="" nullable="true" comment=""/>
            <column name="Location" key="false" type="String" length="" precision="" nullable="true" comment=""/>
            <column name="MembershipLevel" key="false" type="String" length="" precision="" nullable="true" comment=""/>
            <column name="TotalPurchases" key="false" type="Integer" length="" precision="" nullable="true" comment=""/>
            <column name="TotalSpent" key="false" type="Double" length="" precision="" nullable="true" comment=""/>
            <column name="FavoriteCategory" key="false" type="String" length="" precision="" nullable="true" comment=""/>
            <column name="LastPurchaseDate" key="false" type="java.util.Date" length="" precision="" nullable="true" comment=""/>
            <column name="Sastification" key="false" type="Double" length="" precision="" nullable="true" comment=""/>
            <column name="MinutePerVisit" key="false" type="Integer" length="" precision="" nullable="true" comment=""/>
            <column name="PromotionPercent" key="false" type="Integer" length="" precision="" nullable="true" comment=""/>
            <column name="Comments" key="false" type="Boolean" length="" precision="" nullable="true" comment=""/>
            <column name="Churn" key="false" type="Integer" length="" precision="" nullable="true" comment=""/>
          </schema>
        </schemas>
      </component>
      <component icon="pictures/tLogRow_3.png" uniqueName="tLogRow_3" label="__UNIQUE_NAME__">
        <input link="tFileInputDelimited_3">tFileInputDelimited_3</input>
        <output link="tMap_1">tMap_1</output>
        <componentType>tLogRow</componentType>
        <parameters>
          <column name="Unique Name" value="tLogRow_3"/>
          <column name="Component Name" value="tLogRow"/>
          <column name="Version" value="0.101 (ALPHA)"/>
          <column name="Family" value="Logs_Errors"/>
          <column name="Startable" value="false"/>
          <column name="SUBTREE_START" value="false"/>
          <column name="END_OF_FLOW" value="false"/>
          <column name="Activate" value="true"/>
          <column name="DUMMY" value="false"/>
          <column name="tStatCatcher Statistics" value="false"/>
          <column name="Help" value="org.talend.help.tLogRow"/>
          <column name="Update components" value="true"/>
          <column name="IREPORT_PATH" value=""/>
          <column name="JAVA_LIBRARY_PATH" value="D:\UM DS Sem2\TOS_DI-8.0.1\studio\configuration\lib\java"/>
          <column name="Subjob color" value=""/>
          <column name="Title color" value=""/>
          <column name="REPOSITORY_ALLOW_AUTO_SWITCH" value="true"/>
          <column name="Schema" value="Built-In"/>
          <column name="Basic" value="true"/>
          <column name="Table (print values in cells of a table)" value="false"/>
          <column name="Vertical (each row is a key/value list)" value="false"/>
          <column name="Print unique name" value="true"/>
          <column name="Print label" value="false"/>
          <column name="Print unique name and label" value="false"/>
          <column name="Field Separator" value="&quot;|&quot;"/>
          <column name="Print header" value="false"/>
          <column name="Print component unique name in front of each output row" value="false"/>
          <column name="Print schema column name in front of each value" value="false"/>
          <column name="Use fixed length for values" value="false"/>
          <column name="Lengths" value="[{SCHEMA_COLUMN=CustomerID, LENGTH=10}, {SCHEMA_COLUMN=MembershipLevel, LENGTH=10}, {SCHEMA_COLUMN=TotalPurchases, LENGTH=10}, {SCHEMA_COLUMN=TotalSpent, LENGTH=10}, {SCHEMA_COLUMN=FavoriteCategory, LENGTH=10}, {SCHEMA_COLUMN=LastPurchaseDate, LENGTH=10}, {SCHEMA_COLUMN=Sastification, LENGTH=10}, {SCHEMA_COLUMN=MinutePerVisit, LENGTH=10}, {SCHEMA_COLUMN=PromotionPercent, LENGTH=10}, {SCHEMA_COLUMN=Comments, LENGTH=10}, {SCHEMA_COLUMN=Churn, LENGTH=10}]"/>
          <column name="Print content with log4j" value="true"/>
          <column name="Min column number of optimize code" value="100"/>
          <column name="Label format" value="__UNIQUE_NAME__"/>
          <column name="Hint format" value="&lt;b&gt;__UNIQUE_NAME__&lt;/b&gt;&lt;br&gt;__COMMENT__"/>
          <column name="Connection format" value="row"/>
          <column name="Show Information" value="false"/>
          <column name="Comment" value=""/>
          <column name="Use an existing validation rule" value="false"/>
          <column name="Validation Rule Type" value=""/>
        </parameters>
        <schemas>
          <schema name="tLogRow_3">
            <column name="CustomerID" key="false" type="String" length="" precision="" nullable="true" comment=""/>
            <column name="MembershipLevel" key="false" type="String" length="" precision="" nullable="true" comment=""/>
            <column name="TotalPurchases" key="false" type="Integer" length="" precision="" nullable="true" comment=""/>
            <column name="TotalSpent" key="false" type="Double" length="" precision="" nullable="true" comment=""/>
            <column name="FavoriteCategory" key="false" type="String" length="" precision="" nullable="true" comment=""/>
            <column name="LastPurchaseDate" key="false" type="java.util.Date" length="" precision="" nullable="true" comment=""/>
            <column name="Sastification" key="false" type="Double" length="" precision="" nullable="true" comment=""/>
            <column name="MinutePerVisit" key="false" type="Integer" length="" precision="" nullable="true" comment=""/>
            <column name="PromotionPercent" key="false" type="Integer" length="" precision="" nullable="true" comment=""/>
            <column name="Comments" key="false" type="Boolean" length="" precision="" nullable="true" comment=""/>
            <column name="Churn" key="false" type="Integer" length="" precision="" nullable="true" comment=""/>
          </schema>
        </schemas>
      </component>
      <component icon="pictures/tLogRow_4.png" uniqueName="tLogRow_4" label="__UNIQUE_NAME__">
        <input link="tMap_1">tMap_1</input>
        <output link="tFileOutputDelimited_1">tFileOutputDelimited_1</output>
        <componentType>tLogRow</componentType>
        <parameters>
          <column name="Unique Name" value="tLogRow_4"/>
          <column name="Component Name" value="tLogRow"/>
          <column name="Version" value="0.101 (ALPHA)"/>
          <column name="Family" value="Logs_Errors"/>
          <column name="Startable" value="false"/>
          <column name="SUBTREE_START" value="false"/>
          <column name="END_OF_FLOW" value="false"/>
          <column name="Activate" value="true"/>
          <column name="DUMMY" value="false"/>
          <column name="tStatCatcher Statistics" value="false"/>
          <column name="Help" value="org.talend.help.tLogRow"/>
          <column name="Update components" value="true"/>
          <column name="IREPORT_PATH" value=""/>
          <column name="JAVA_LIBRARY_PATH" value="D:\UM DS Sem2\TOS_DI-8.0.1\studio\configuration\lib\java"/>
          <column name="Subjob color" value=""/>
          <column name="Title color" value=""/>
          <column name="REPOSITORY_ALLOW_AUTO_SWITCH" value="true"/>
          <column name="Schema" value="Built-In"/>
          <column name="Basic" value="true"/>
          <column name="Table (print values in cells of a table)" value="false"/>
          <column name="Vertical (each row is a key/value list)" value="false"/>
          <column name="Print unique name" value="true"/>
          <column name="Print label" value="false"/>
          <column name="Print unique name and label" value="false"/>
          <column name="Field Separator" value="&quot;|&quot;"/>
          <column name="Print header" value="false"/>
          <column name="Print component unique name in front of each output row" value="false"/>
          <column name="Print schema column name in front of each value" value="false"/>
          <column name="Use fixed length for values" value="false"/>
          <column name="Lengths" value="[{SCHEMA_COLUMN=CustomerID, LENGTH=10}, {SCHEMA_COLUMN=Age, LENGTH=10}, {SCHEMA_COLUMN=Gender, LENGTH=10}, {SCHEMA_COLUMN=Location, LENGTH=10}, {SCHEMA_COLUMN=MembershipLevel, LENGTH=10}, {SCHEMA_COLUMN=TotalPurchases, LENGTH=10}, {SCHEMA_COLUMN=TotalSpent, LENGTH=10}, {SCHEMA_COLUMN=FavoriteCategory, LENGTH=10}, {SCHEMA_COLUMN=LastPurchaseDate, LENGTH=10}, {SCHEMA_COLUMN=Sastification, LENGTH=10}, {SCHEMA_COLUMN=MinutePerVisit, LENGTH=10}, {SCHEMA_COLUMN=PromotionPercent, LENGTH=10}, {SCHEMA_COLUMN=Comments, LENGTH=10}, {SCHEMA_COLUMN=Churn, LENGTH=10}]"/>
          <column name="Print content with log4j" value="true"/>
          <column name="Min column number of optimize code" value="100"/>
          <column name="Label format" value="__UNIQUE_NAME__"/>
          <column name="Hint format" value="&lt;b&gt;__UNIQUE_NAME__&lt;/b&gt;&lt;br&gt;__COMMENT__"/>
          <column name="Connection format" value="row"/>
          <column name="Show Information" value="false"/>
          <column name="Comment" value=""/>
          <column name="Use an existing validation rule" value="false"/>
          <column name="Validation Rule Type" value=""/>
        </parameters>
        <schemas>
          <schema name="tLogRow_4">
            <column name="CustomerID" key="false" type="String" length="" precision="" nullable="true" comment=""/>
            <column name="Age" key="false" type="Integer" length="" precision="" nullable="true" comment=""/>
            <column name="Gender" key="false" type="String" length="" precision="" nullable="true" comment=""/>
            <column name="Location" key="false" type="String" length="" precision="" nullable="true" comment=""/>
            <column name="MembershipLevel" key="false" type="String" length="" precision="" nullable="true" comment=""/>
            <column name="TotalPurchases" key="false" type="Integer" length="" precision="" nullable="true" comment=""/>
            <column name="TotalSpent" key="false" type="Double" length="" precision="" nullable="true" comment=""/>
            <column name="FavoriteCategory" key="false" type="String" length="" precision="" nullable="true" comment=""/>
            <column name="LastPurchaseDate" key="false" type="java.util.Date" length="" precision="" nullable="true" comment=""/>
            <column name="Sastification" key="false" type="Double" length="" precision="" nullable="true" comment=""/>
            <column name="MinutePerVisit" key="false" type="Integer" length="" precision="" nullable="true" comment=""/>
            <column name="PromotionPercent" key="false" type="Integer" length="" precision="" nullable="true" comment=""/>
            <column name="Comments" key="false" type="Boolean" length="" precision="" nullable="true" comment=""/>
            <column name="Churn" key="false" type="Integer" length="" precision="" nullable="true" comment=""/>
          </schema>
        </schemas>
      </component>
    </internalNodeComponents>
    <externalNodeComponents>
      <component icon="pictures/tMap_1.png" uniqueName="tMap_1" label="__UNIQUE_NAME__">
        <input link="tLogRow_1">tLogRow_1</input>
        <input link="tLogRow_3">tLogRow_3</input>
        <output link="tLogRow_4">tLogRow_4</output>
        <componentType>tMap</componentType>
        <!--tMap_1-->
      </component>
    </externalNodeComponents>
    <connections>
      <connection label="row1" lineStyle="0" metaname="tFileInputDelimited_1" offsetLabelX="0" offsetLabelY="0" source="tFileInputDelimited_1" target="tLogRow_1"/>
      <connection label="row5" lineStyle="0" metaname="tLogRow_1" offsetLabelX="0" offsetLabelY="0" source="tLogRow_1" target="tMap_1"/>
      <connection label="out1" lineStyle="0" metaname="out1" offsetLabelX="0" offsetLabelY="0" source="tMap_1" target="tLogRow_4"/>
      <connection label="row6" lineStyle="8" metaname="tLogRow_3" offsetLabelX="0" offsetLabelY="0" source="tLogRow_3" target="tMap_1"/>
      <connection label="row4" lineStyle="0" metaname="tFileInputDelimited_3" offsetLabelX="0" offsetLabelY="0" source="tFileInputDelimited_3" target="tLogRow_3"/>
      <connection label="row7" lineStyle="0" metaname="tLogRow_4" offsetLabelX="0" offsetLabelY="0" source="tLogRow_4" target="tFileOutputDelimited_1"/>
      <connection label="row2" lineStyle="0" metaname="tFileInputDelimited_2" offsetLabelX="0" offsetLabelY="0" source="tFileInputDelimited_2" target="tFilterRow_1"/>
      <connection label="row3" lineStyle="0" metaname="FILTER" offsetLabelX="0" offsetLabelY="0" source="tFilterRow_1" target="tLogRow_2"/>
    </connections>
  </job>
</project>
