<?xml version="1.1" encoding="UTF-8"?>

<externalNode i18n.job.component.parameters="Component Parameters:" i18n.job.properties="Properties" i18n.job.values="Values" i18n.mapper.table.for="Mapper table for " i18n.mapper.table.properties="Mapper table Properties" i18n.job.name="Name" i18n.tmap.matching.mode="Matching-mode" i18n.mapper.table.isminimized="isMinimized" i18n.tmap.isreject="isReject" i18n.tmap.isrejectinnnerjoin="isRejectInnerJoin" i18n.tmap.isinnerjoin="isInnerJoin" i18n.tmap.expressionfilter="expressionFilter" i18n.mapper.table.metadata.entries="Metadata Table Entries" i18n.job.type="Type" i18n.mapper.table.expression="Expression" i18n.tmap.isnullable="isNullable" i18n.tmap.constraint.entries="Constraint Table Entries" name="tMap_1" preview="pictures/_aJivgKzhEe6nfM9VXShuFw-tMap_1-PREVIEW.bmp">
  <parameters>
    <column name="tStatCatcher Statistics">false</column>
    <column name="Mapping links display as:">AUTO</column>
    <column name="Temp data directory path:"></column>
    <column name="Max buffer size (nb of rows):">2000000</column>
    <column name="Ignore trailing zeros for BigDecimal">true</column>
    <column name="Show Information">false</column>
    <column name="Comment"><![CDATA[]]></column>
    <column name="Use an existing validation rule">false</column>
  </parameters>
  <mapperTable type="input">
    <table name="row5" matching-mode="UNIQUE_MATCH" lookup-mode="LOAD_ONCE" isMinimized="false" isReject="false" isRejectInnerJoin="false" isInnerJoin="false" isPersistent="false" expressionFilter="null" activateExpressionFilter="false" activateCondensedTool="false" activateColumnNameFilter="false" columnNameFilter="null">
      <metadataTableEntries>
        <entry name="CustomerID" type="String" expression="" isNullable="true"/>
        <entry name="Age" type="Integer" expression="" isNullable="true"/>
        <entry name="Gender" type="String" expression="" isNullable="true"/>
        <entry name="Location" type="String" expression="" isNullable="true"/>
      </metadataTableEntries>
    </table>
    <table name="row6" matching-mode="UNIQUE_MATCH" lookup-mode="LOAD_ONCE" isMinimized="false" isReject="false" isRejectInnerJoin="false" isInnerJoin="false" isPersistent="false" expressionFilter="null" activateExpressionFilter="false" activateCondensedTool="false" activateColumnNameFilter="false" columnNameFilter="null">
      <metadataTableEntries>
        <entry name="CustomerID" type="String" expression="row5.CustomerID " isNullable="true"/>
        <entry name="MembershipLevel" type="String" expression="" isNullable="true"/>
        <entry name="TotalPurchases" type="Integer" expression="" isNullable="true"/>
        <entry name="TotalSpent" type="Double" expression="" isNullable="true"/>
        <entry name="FavoriteCategory" type="String" expression="" isNullable="true"/>
        <entry name="LastPurchaseDate" type="java.util.Date" expression="" isNullable="true"/>
        <entry name="Sastification" type="Double" expression="" isNullable="true"/>
        <entry name="MinutePerVisit" type="Integer" expression="" isNullable="true"/>
        <entry name="PromotionPercent" type="Integer" expression="" isNullable="true"/>
        <entry name="Comments" type="Boolean" expression="" isNullable="true"/>
        <entry name="Churn" type="Integer" expression="" isNullable="true"/>
      </metadataTableEntries>
    </table>
  </mapperTable>
  <mapperTable type="output">
    <table name="out1" isMinimized="false" isReject="false" isRejectInnerJoin="false" isInnerJoin="false" isPersistent="false" expressionFilter="null" activateExpressionFilter="false" activateCondensedTool="false" activateColumnNameFilter="false" columnNameFilter="null">
      <metadataTableEntries>
        <entry name="CustomerID" type="String" expression="row5.CustomerID " isNullable="true"/>
        <entry name="Age" type="Integer" expression="row5.Age " isNullable="true"/>
        <entry name="Gender" type="String" expression="row5.Gender " isNullable="true"/>
        <entry name="Location" type="String" expression="row5.Location " isNullable="true"/>
        <entry name="MembershipLevel" type="String" expression="row6.MembershipLevel " isNullable="true"/>
        <entry name="TotalPurchases" type="Integer" expression="row6.TotalPurchases " isNullable="true"/>
        <entry name="TotalSpent" type="Double" expression="row6.TotalSpent " isNullable="true"/>
        <entry name="FavoriteCategory" type="String" expression="row6.FavoriteCategory " isNullable="true"/>
        <entry name="LastPurchaseDate" type="java.util.Date" expression="row6.LastPurchaseDate " isNullable="true"/>
        <entry name="Sastification" type="Double" expression="row6.Sastification " isNullable="true"/>
        <entry name="MinutePerVisit" type="Integer" expression="row6.MinutePerVisit " isNullable="true"/>
        <entry name="PromotionPercent" type="Integer" expression="row6.PromotionPercent " isNullable="true"/>
        <entry name="Comments" type="Boolean" expression="row6.Comments " isNullable="true"/>
        <entry name="Churn" type="Integer" expression="row6.Churn " isNullable="true"/>
      </metadataTableEntries>
    </table>
  </mapperTable>
  <mapperTable type="var">
    <table name="Var" isMinimized="true" isReject="false" isRejectInnerJoin="false" isInnerJoin="false" isPersistent="false" expressionFilter="null" activateExpressionFilter="false" activateCondensedTool="false" activateColumnNameFilter="false" columnNameFilter="null"/>
  </mapperTable>
</externalNode>
